-0.81101,-7.2382,1.5429,-0.64774,1.4271,0.61356,0.36516,0.088906,0.47031,0.98844,0.044692,0.20817,0.5114,0
-0.37028,-7.1336,1.8856,-0.34316,0.96733,0.32763,0.42988,0.50479,0.41533,0.28804,0.086109,0.6269,0.78115,0
0.59659,-8.3059,1.6943,-0.66611,0.34967,-0.17425,0.82077,1.2611,0.41653,0.5005,0.57163,0.45316,0.64465,0
1.4585,-8.1957,1.8454,-1.1496,0.8266,-0.51313,0.067443,0.25637,0.115,-0.10915,0.085991,0.69064,0.33769,0
2.0824,-8.667,1.1995,-1.124,1.2445,-0.10251,0.99867,0.57174,1.0384,0.17564,-0.032857,0.53229,0.32941,0
1.9996,-8.5369,1.3252,-0.64902,1.2954,-0.17102,0.78212,-0.14486,0.18813,-0.1401,0.67831,0.59122,-0.001105,0
2.5784,-7.7573,2.1048,-1.1125,1.0108,-0.69216,0.7215,0.16652,0.57481,0.13809,0.038214,-0.41387,-0.11564,0
2.2584,-8.6071,0.90713,-1.3752,0.12514,-0.66582,0.60558,0.25782,0.83629,0.096346,0.60317,0.47295,-0.18095,0
2.5079,-7.4638,1.4749,-1.5216,0.45438,0.14743,1.2299,0.26764,0.71946,0.12083,-0.070116,-0.3526,-0.30685,0
3.2536,-8.5685,0.90147,-2.6404,-0.13332,-0.10995,0.73737,0.84991,0.43878,0.092423,1.0353,1.2968,-0.05151,0
1.9234,-3.6784,2.5571,-0.29033,-0.28241,-0.87391,-0.46581,0.14317,-0.46968,-0.70288,0.63562,-0.14784,-0.76206,0
4.4664,-2.5205,0.65149,1.8663,-1.8334,-1.6865,-2.1699,0.30002,-0.70119,-0.30375,0.032471,-0.10077,-0.15276,0
5.3526,-3.2711,0.30972,2.234,-2.5138,-1.9022,-1.9985,0.13851,-0.7709,-0.509,0.040418,-0.15298,-0.29238,0
5.7302,-3.4552,0.57601,2.3587,-2.835,-1.8166,-2.1356,0.24684,-1.0101,-0.34682,-0.041439,-0.092822,-0.45304,0
5.5593,-3.5444,0.58299,1.9375,-2.7312,-1.6018,-2.8201,0.69833,-1.4694,-0.48164,-0.22275,0.10498,-0.68147,0
4.9344,-2.7344,-0.11785,1.7355,-2.2896,-1.2066,-2.2715,0.34793,-1.0158,-0.57407,-0.17064,0.21198,-0.46095,0
3.9894,-3.2986,0.58429,2.372,-1.8188,-1.4091,-1.4414,0.84365,-0.40608,-0.75278,-0.59057,-0.12754,-0.21149,0
1.6727,-2.5978,1.1063,1.5462,-0.64114,-1.0833,-1.3484,0.47205,0.48343,-0.14521,-0.34164,-0.27262,-0.010954,0
0.9033,-4.1985,2.0408,0.69148,-0.3768,-1.2281,-0.53021,-0.12204,-0.060593,0.33949,0.58193,0.44791,-0.71566,0
1.6812,-5.9287,1.1709,0.14062,-1.2724,-0.78946,-0.47449,-0.16958,-0.18977,0.28104,0.63824,0.58872,-0.39843,0
2.2471,-6.2013,1.7852,0.30737,-0.61537,-0.58091,-0.090599,-0.018381,0.34966,0.57519,0.10055,0.81031,0.2258,0
2.0896,-6.1321,0.0045286,0.20334,-0.14783,-0.037711,0.065925,0.23797,0.05273,0.10717,0.10151,0.2956,-0.099638,0
3.5244,-6.4973,0.75281,-0.078518,0.27237,-0.53635,-0.30934,0.90665,-0.27321,0.0098025,0.13786,0.047697,0.014142,0
3.0663,-6.7473,-0.26361,-0.61535,0.073522,-0.33704,-0.92402,0.10822,-0.17384,-0.40149,-0.11756,0.23938,0.032797,0
1.7974,-5.3105,-0.49394,-0.35694,0.36551,-0.55186,-1.0314,0.83185,0.74197,-0.19249,-0.032893,0.5386,-0.19943,0
1.616,-0.49721,0.4979,-0.87417,-0.23429,-0.72161,-0.8805,-0.68531,0.35112,-0.40534,-0.54921,-0.552,-0.52489,0
3.6252,-0.40294,-0.14143,-1.4575,-0.83501,-1.2498,-1.377,-0.41396,0.63369,0.13628,-0.94938,-0.12633,0.06337,0
4.0024,-0.38386,-0.89137,-1.284,-1.4052,-1.1644,-1.8941,-0.94669,0.68082,-0.2144,-0.95749,-0.54253,-0.089848,0
4.0681,-1.3888,-0.55668,-1.4655,-0.83741,-1.0752,-2.706,-0.93408,0.46352,0.0026133,-0.56211,-0.65291,-0.17023,0
3.6675,-0.35065,-0.78234,-1.7227,-0.39948,-2.1868,-2.0087,-1.4893,0.58975,-0.019216,-0.84022,-0.57275,-0.16948,0
2.7454,0.088131,-0.77168,-0.53146,-0.43856,-2.2201,-1.4969,-1.162,0.27112,-0.118,-0.25914,-0.75199,0.26224,0
1.601,-0.84753,-0.90726,-0.028847,0.28053,-1.7664,-1.184,-0.12413,-0.077517,-0.39579,-0.58903,-0.3204,-0.31213,0
1.6011,-1.4819,-0.84101,-0.43583,0.0088233,-2.3595,-1.3444,-0.36706,-0.48013,-0.80271,-0.50388,-1.3697,-0.65541,0
1.3023,-1.6144,-0.46652,0.0048899,-0.2677,-1.8511,-0.95975,-0.81022,0.33261,-0.55409,-0.95032,-1.1453,-0.53067,0
0.93847,-1.7219,0.24479,0.27097,0.11659,-1.5244,-1.0856,-0.93617,-0.029824,-0.22031,-0.53618,-0.84301,-0.15916,0
0.19664,-1.8318,0.94856,0.29956,0.13058,-0.94998,-0.8854,-0.91416,0.055284,-0.080658,-0.21335,-0.91618,0.017725,0
-0.53611,-2.4703,1.069,1.2785,0.47267,-0.72266,-0.51269,-0.78476,0.3939,-0.076555,-0.37365,-0.36757,-0.66361,0
-0.34113,-2.1089,0.89114,0.6747,0.3096,-1.0392,-1.4174,-0.84227,0.21493,-0.22037,-0.099087,0.10891,-0.29597,0
1.5419,-3.1503,3.3574,2.1008,-0.69796,-2.1915,0.69189,-1.5946,-1.7387,-0.71907,0.28849,-0.10196,-0.40657,1
0.80206,-2.05,2.3141,1.5916,-0.075273,-1.2782,-0.51393,-1.5271,-0.77065,-0.76834,0.18634,-0.37234,-0.50932,1
1.5638,-1.6288,3.964,1.3213,-1.3001,-2.002,-0.65124,-2.0945,0.0010103,-0.69766,-0.43554,0.17807,-0.49496,1
1.6697,-1.3795,3.4603,0.81795,-0.61158,-1.4722,-1.0416,-2.4179,-0.39361,-0.044493,-0.052785,-0.06864,-0.76689,1
1.7841,-1.3508,3.2958,0.41787,-0.8117,-1.4749,-1.2772,-2.0581,-0.56957,-0.081762,-0.16748,-0.1521,-0.71864,1
-1.2026,-0.89627,2.5613,-0.16912,-1.0107,-1.1128,-0.83787,-2.1984,0.67866,-0.64952,-0.61533,0.024725,-0.88369,1
0.37057,0.28445,3.0481,-1.6304,-1.8253,-1.5938,-0.23944,-1.2726,-0.045772,-0.82108,-0.57875,-0.26784,-0.32153,1
0.44461,-0.11552,2.4445,-0.87803,-1.4551,-2.3484,-0.48313,-0.99187,-0.13456,-1.4503,-0.85698,-0.45621,0.094702,1
0.6142,0.34275,2.4754,-1.0532,-1.3193,-1.7774,-0.19119,-1.2633,-0.29577,-1.0182,-0.49637,-0.2155,0.089419,1
1.2564,0.78454,2.7442,-1.8192,-1.7429,-1.3273,-0.27208,-1.5348,-0.9354,-1.189,-0.20995,0.007862,0.37987,1
2.9749,1.4908,1.4577,-3.2655,-2.1863,-0.72861,-0.83316,-1.8175,-1.3976,-0.55173,0.017513,0.20387,-0.44036,1
4.3517,2.11,0.54709,-4.3951,-2.0305,0.08384,-1.1707,-1.0884,-0.63462,0.096691,0.15285,0.38685,-0.4122,1
4.8063,0.78855,-1.091,-4.2347,-0.92326,0.4814,-1.698,-1.2591,-0.066541,0.15531,-0.47273,-0.26427,-0.8736,1
5.4165,-0.76401,-1.7858,-3.8304,-0.69198,-0.73214,-1.7701,-0.55915,0.90585,-0.78242,-1.5127,-0.40078,-0.33091,1
6.0025,-2.1714,-1.9947,-3.4646,-0.69232,-1.4317,-0.94993,0.16774,0.48658,-1.1365,-1.7857,0.45547,-0.89228,1
6.0172,-3.2556,-1.6366,-2.7242,-1.3799,-1.481,-0.36649,0.4492,-0.19847,-0.98221,-1.2889,0.60366,-1.5494,1
5.9817,-3.6504,-1.0285,-2.4265,-1.6338,-1.3407,0.31183,0.49522,-0.56603,-0.71697,-1.0341,0.084391,-1.243,1
6.032,-4.5651,-1.4468,-2.8438,-2.3212,-1.75,0.29381,-0.22716,-0.82948,-1.0535,-1.221,-0.55867,-1.2785,1
6.0809,-4.3799,-1.297,-2.4876,-2.2958,-1.6744,0.77689,-0.18243,-0.71325,-0.83336,-1.2305,-0.67285,-1.2126,1
6.0795,-4.8518,-1.8517,-2.6484,-2.7953,-1.774,0.44008,-0.31334,-0.94435,-1.0745,-1.6325,-0.87126,-1.4343,1
6.0877,-4.9584,-1.9975,-2.3733,-2.8125,-1.4476,0.56288,0.10332,-0.78838,-0.93955,-1.4201,-0.9047,-1.218,1
6.0518,-4.5861,-1.8913,-1.9947,-2.7392,-1.2774,0.65188,0.034926,-0.67521,-1.0011,-1.0962,-0.56927,-0.73009,1
5.7125,-4.7287,-2.3042,-2.0785,-3.2008,-1.2335,0.53074,-0.46301,-0.94342,-1.1705,-1.0365,-0.18189,-0.42156,1
5.3973,-4.2331,-2.3617,-1.7143,-3.1087,-1.2204,0.6425,-0.82327,-1.1515,-0.92016,-1.0783,0.031535,-0.64451,1
4.8639,-3.455,-2.0622,-1.5373,-2.5678,-0.9727,0.78743,-1.0776,-0.80552,-0.80528,-0.86512,-0.096004,-0.42183,1
3.8476,-3.5444,-2.3578,-1.596,-2.6035,-1.5682,0.090968,-1.5602,-1.1664,-0.66707,-0.96784,0.073229,-0.38865,1
3.0801,-2.9465,-1.2529,-1.5107,-2.5678,-0.79978,0.36582,-2.0475,-1.2902,-0.82995,-1.1016,-0.17553,-1.0074,1
3.0064,-4.231,-0.78356,-1.4694,-2.927,-0.35612,0.49602,-1.7209,-1.1955,-1.5064,-1.4579,-0.028668,-0.73859,1
3.693,-6.2303,-0.74572,-0.53979,-1.5496,1.164,0.74928,-2.0374,-1.1035,-0.97763,-1.4013,-0.083446,-0.88809,1
3.3271,-6.8826,0.11432,0.61348,-1.1374,0.97435,1.1202,-2.2203,-1.3775,-0.039104,-0.345,-0.066323,-0.42476,1
3.0682,-7.3458,-0.32003,0.24565,-0.88432,1.1469,1.8141,-1.2719,-0.95622,0.33871,-0.98199,-0.28707,-0.93355,1
3.0664,-6.3754,-0.63369,-0.4091,-1.5327,2.2319,1.5075,-0.95532,-0.72134,-0.0079492,-0.51101,0.72489,-0.71742,1
3.158,-7.3265,-0.65124,0.21076,-1.6732,1.6904,1.9089,-0.53045,-0.60682,0.45483,0.021412,0.84444,-0.12171,1
2.3594,-6.732,-0.90997,-0.71585,-1.5463,1.1716,1.1733,-0.43915,-1.0785,-0.32062,-0.11678,0.21153,-0.19003,1
2.2479,-6.2881,-0.96853,0.063342,-1.7288,1.2274,0.91284,-1.273,-1.7178,-0.70932,-0.25607,-0.070391,-0.91747,1
2.7996,-5.5488,0.21151,0.53894,-2.2384,0.40543,0.92322,-1.4437,-1.8805,-1.2048,-1.1302,0.26899,-0.52684,1
2.1976,-3.8542,-0.4046,-0.9048,-2.7,0.11809,0.7433,-1.6119,-2.0404,-1.5978,-1.2359,-0.0715,-0.037018,1
2.3938,-2.8135,-0.38509,-0.85698,-2.8833,-0.80527,0.41196,-1.0783,-1.3431,-1.0888,-0.67082,-0.13492,-0.22509,1
2.966,-3.3605,-0.61336,-1.0914,-3.1849,-1.2625,0.17327,-0.90464,-1.2476,-0.88987,-1.0278,-0.17598,-0.25504,1
3.2582,-3.3726,-0.05431,-0.62767,-3.3332,-1.9938,0.59305,-0.38219,-0.90496,-0.85394,-0.71337,0.10525,-0.19809,1
2.2181,-1.4677,0.79565,-1.2733,-3.2953,-2.7595,0.30263,-0.87815,-0.88524,-0.68619,0.05007,0.025583,-0.97915,1
0.12954,-1.4004,1.6025,-0.2448,-1.7773,-2.2006,-0.23437,-1.4016,-0.45132,-0.69983,0.15915,-0.26492,0.2684,1
3.2916,-1.9093,2.0698,-0.52066,-1.7884,-2.3223,-1.2119,-0.93248,-1.5239,-0.60045,-0.21199,0.29837,-0.76796,1
3.2093,-1.2004,1.2499,-0.44853,-1.3575,-2.7696,-0.62306,-1.0388,-1.3396,-0.28151,-0.43198,0.11404,-0.62171,1
3.1516,-1.1721,0.85223,-0.93301,-1.3875,-3.1507,-0.16206,-1.5783,-1.319,-0.47802,-0.60659,0.068815,-0.90675,1
3.1253,-0.74405,0.4422,-0.95306,-1.0669,-2.8951,-0.56943,-1.1419,-1.1904,-0.45173,-0.2457,0.013216,-0.66727,1
3.1859,-0.88213,0.52489,-0.98072,-0.74516,-2.8729,-0.50274,-1.5154,-0.63454,-0.21454,-0.39303,-0.06419,-0.47888,1
3.2452,-0.4611,0.21483,-0.84834,-0.70567,-2.7129,-0.4903,-1.0921,-0.96242,-0.31185,0.035203,0.11586,-0.56593,1
3.1969,-0.37858,0.35364,-1.2256,-0.34912,-2.6913,-0.65587,-1.1238,-0.95028,0.13261,-0.025539,-0.17601,-0.46828,1
3.176,-0.72513,0.17456,-1.3125,-0.43625,-2.5797,-0.90089,-1.257,-0.85179,0.13061,-0.1664,-0.38017,-0.33415,1
3.1133,-0.57022,0.66166,-1.5733,-0.47153,-2.3788,-0.8812,-1.3437,-0.92132,0.42634,-0.24693,-0.40445,-0.29961,1
3.1637,-0.5529,0.7211,-1.6503,-0.73572,-2.2516,-0.9302,-1.4917,-1.0341,0.67253,-0.57865,-0.45925,-0.19955,1
3.2034,-0.54507,1.1658,-1.6944,-0.82877,-2.4796,-0.86891,-1.6702,-1.0875,0.5691,-0.39398,-0.49969,-0.30112,1
3.0886,-0.53792,1.3464,-1.2895,-0.62569,-2.4448,-1.4315,-1.5735,-1.039,0.18545,-0.31034,-0.082513,-0.29397,1
2.2376,-0.69126,2.4932,-0.58793,-0.50743,-1.8549,-1.4643,-2.3766,-0.77227,-0.2211,-0.39344,-0.10332,0.10281,1
1.7952,-0.938,2.8311,0.19668,-1.0126,-2.2357,-1.3342,-2.2342,0.16636,-0.53489,-0.59959,-0.40009,-0.018637,1
1.5796,-1.1226,2.7601,0.12545,-0.86111,-1.9397,-1.3039,-2.1992,-0.18947,-0.82017,-0.099227,0.05142,0.17494,1
0.79186,-0.97917,2.3731,0.36912,-0.92331,-1.0329,-0.9689,-2.3017,0.17326,-0.82744,0.054599,0.21663,0.10968,1
-0.82814,-1.6602,1.9074,0.40462,-0.43289,-0.28389,-0.27099,-2.0208,0.15136,-0.80092,0.34273,0.63849,-0.37203,1
-2.8373,-1.0156,2.0181,1.074,0.55117,0.6413,0.22366,-0.66302,1.3413,-0.42192,-1.1601,0.087621,-0.1687,1
0.89005,2.5024,2.7556,-1.7688,-1.9863,-0.57034,0.60931,-0.86873,0.34024,-0.7989,0.050493,0.02813,0.096275,1
2.0945,2.5119,2.6652,-2.0427,-2.5284,-0.98599,0.79127,-0.084678,-0.48949,-0.36973,-0.1318,0.0783,1.0952,1
2.2528,2.7768,2.9243,-2.5911,-3.0155,-0.51419,0.61047,-0.51787,-0.63472,-0.19264,0.0028903,-0.42814,1.1988,1
2.2282,2.7736,2.7923,-2.4689,-2.6153,-0.57164,0.05253,-0.043784,-0.3558,-0.54595,-0.059128,-0.11405,1.1972,1
2.3518,2.6415,3.0726,-2.5129,-2.7232,-0.30945,0.018763,-0.17262,-0.39841,-0.43997,-0.34079,-0.17549,1.1406,1
2.5896,2.8445,2.808,-2.4922,-2.7893,-0.6215,0.031786,-0.0052462,-0.50869,-0.46754,-0.31774,-0.15977,1.1564,1
2.6445,2.8994,2.944,-2.7093,-2.6348,-0.39835,-0.17427,0.040253,-0.20428,-0.61554,-0.12618,-0.072901,1.0609,1
2.6467,2.831,2.9653,-2.378,-2.6969,-0.46015,0.095511,-0.053977,-0.46013,-0.48778,-0.14994,-0.0742,1.0198,1
2.8533,3.0476,2.4341,-2.7473,-2.5277,-0.43915,0.10693,-0.26392,-0.65474,-0.13759,-0.35233,-0.34779,1.1528,1
3.2456,3.1813,2.5126,-3.0994,-2.822,-0.001925,0.04385,-0.30354,-0.7559,-0.1976,0.10132,0.011614,1.0543,1
3.6846,3.1995,1.6132,-2.9029,-2.3249,0.1682,-0.34277,-0.17865,-0.95938,-0.1249,0.76264,-0.19398,1.1991,1
4.2737,3.1427,0.33291,-2.6391,-2.2181,0.11775,-0.10118,-0.46164,-0.89838,0.28699,0.69931,-0.27935,0.78076,1
4.6085,2.457,-0.51372,-2.4663,-2.0822,-0.29573,-0.39798,-0.49416,-0.70248,0.88546,0.71906,-1.0394,0.39572,1
4.6752,1.8584,-1.5054,-2.1706,-1.4344,-0.1533,-0.67318,-0.67134,-0.29913,1.5457,0.49626,-1.8852,0.33938,1
4.3925,1.0834,-1.9243,-1.4875,-1.0575,-0.47229,-0.94439,-0.31859,0.47622,0.69977,-0.42108,-1.7537,0.61833,1
4.7251,0.7979,-2.5465,-1.2644,-1.2213,-0.56507,-0.96571,0.49685,0.57304,0.16151,-0.88296,-1.5579,1.1287,1
5.0004,0.14399,-2.7086,-0.87641,-1.3203,-0.73669,-0.86287,1.0874,0.61712,-0.38349,-1.0014,-1.2437,1.0765,1
5.3134,-0.93196,-2.3228,-0.99432,-1.7007,-0.50464,-0.60912,1.1523,0.12006,-0.78184,-1.0013,-0.83891,1.0103,1
5.404,-1.0432,-2.4589,-1.0803,-1.9009,-0.42856,-0.35406,1.3122,-0.088537,-0.73428,-0.90011,-0.53962,0.92074,1
5.3772,-1.0746,-2.4534,-0.92186,-1.8796,-0.61443,-0.13519,1.0518,0.014313,-1.3419,-0.59612,-0.77097,1.0977,1
5.3973,-0.86978,-2.9369,-0.68992,-1.8457,-0.42517,-0.50495,1.3501,-0.24517,-1.0936,-0.9655,-0.42293,0.70478,1
5.7495,-2.3049,-2.5397,-0.24427,-1.8069,0.1404,-0.85105,1.8318,0.0027439,-0.60003,-1.452,-0.11727,0.53032,1
4.372,-1.7494,-1.7262,-0.77872,-0.44262,-0.35179,0.34438,1.3712,0.33247,-0.58852,-1.3399,0.5434,-0.3166,1
2.9563,-0.90905,-0.65709,-1.0128,-0.17279,-0.60069,1.4637,0.90839,-0.25769,-1.2824,-0.077791,0.80938,-0.0063118,1
2.5987,-1.1298,-1.3408,-0.707,0.037822,-0.49373,0.49024,-0.26252,-0.45655,-0.59575,-0.68742,1.1478,-0.20174,1
2.0882,-3.5752,-0.84311,-0.48072,-0.95505,-0.040627,0.85331,0.3201,-0.7074,-0.74657,-0.19489,0.83415,-0.097012,1
2.404,-4.6071,-0.74886,-0.35592,-0.71732,0.10907,1.0299,1.0338,-0.79641,-1.5116,-0.6745,0.66011,-0.42053,1
2.449,-3.7375,-1.1711,-0.47023,-0.88219,0.88599,1.0774,-0.015366,-0.52221,-0.94112,-1.1112,0.75121,-0.0084735,1
1.9133,-2.7253,-0.073171,0.50683,-1.1221,-0.047972,0.55122,-0.095731,-0.31456,-0.69084,-0.93289,0.39185,0.16272,1
2.3255,-2.9338,-0.068974,0.90526,-0.85657,-0.49799,1.1869,-0.075959,-0.57401,-0.97577,-1.4156,0.14207,-0.3809,1
2.249,-1.7054,0.13465,0.33071,-0.88087,-0.91555,0.96596,0.34385,0.023288,-0.58185,-0.64451,-0.55882,-0.46055,1
2.7012,-0.93178,-0.92559,-0.35898,-0.43672,-1.1737,0.56113,0.34046,0.2285,-0.91155,-0.63416,-0.42615,-0.33586,1
2.8316,-0.85085,-0.86341,0.33117,-1.4797,-0.99539,0.33721,0.50952,0.27135,-0.66735,-0.53674,-0.24812,-0.49582,1
2.7387,-1.0936,-0.49749,0.31505,-1.3197,-1.2211,-0.15151,0.35397,0.55693,-0.70349,-0.28996,-0.23443,-0.70274,1
2.5791,-1.0138,-0.026951,0.40143,-1.3952,-1.1609,-0.6753,0.55678,-0.0065534,-0.36558,-0.267,-0.1459,-0.93009,1
2.1544,-0.67909,0.50234,0.70766,-1.1157,-1.5606,-0.83329,0.19204,0.0025565,-0.37318,-0.14015,0.14813,-1.045,1
1.157,0.30042,1.1592,0.91106,-0.44538,-1.5882,-0.67057,0.029516,-0.29023,-0.67477,-0.23304,0.63571,-0.85673,1
-1.8005,-1.0077,2.0821,1.1206,-0.019935,-0.54467,-0.32805,-1.2672,0.66842,-0.42838,0.13426,0.17339,-0.36256,1
-3.1167,-1.8145,1.8381,1.1358,0.18825,0.23741,-0.041089,-1.0845,0.99238,-0.21475,-0.75326,-0.36233,-0.18462,1
-5.3397,-2.3736,0.91623,0.18317,-0.25769,-0.20683,0.27219,-0.30554,0.31649,0.056095,0.52447,0.094582,0.20285,1
-5.6002,-2.6125,0.6022,0.062525,0.043531,0.15683,0.77722,0.68634,0.70569,0.39301,0.31959,-0.044005,0.74341,1
-4.5663,-4.5506,1.922,-0.76328,1.2305,0.33103,0.94288,2.0084,0.12139,1.1643,-0.20133,0.67276,0.54862,1
0.07747,-5.499,2.9746,-0.79229,0.48871,-0.83504,-0.13584,1.2769,0.34046,0.2961,-0.44451,1.1075,0.33697,1
-1.0925,-0.17757,2.4702,0.66488,-0.56554,-0.47373,-0.02838,-0.71376,1.3202,-0.55556,-0.9998,-0.08536,-0.26057,1
1.3079,1.7249,2.5517,-1.197,-1.801,-0.9083,0.34153,-0.59626,0.46985,-1.1825,-0.17646,0.34847,0.28587,1
1.7369,2.2893,2.8873,-1.5057,-2.2251,-0.92365,0.94139,-0.70974,-0.044952,-0.98458,0.13999,-0.16945,0.8097,1
2.4606,3.0418,2.3087,-2.1104,-2.0552,-0.56419,0.78756,-0.85562,-0.048396,-0.92945,0.31095,-0.0086891,0.83695,1
3.1413,2.8516,1.6942,-1.9432,-2.0361,-0.36909,0.68671,-0.84304,-0.75831,-0.062837,0.83721,-0.46092,0.87192,1
4.0779,2.6664,0.4853,-2.1202,-1.8795,-0.20819,0.18328,-0.76673,-0.85743,0.38076,0.93094,-0.41434,0.5911,1
4.7293,1.9005,-0.32424,-2.112,-2.0675,0.17148,-0.45349,-0.69936,-0.82731,0.91897,1.302,-1.1567,0.15634,1
4.6126,1.152,-1.1418,-1.6244,-1.6417,0.067245,-0.61607,-0.6402,-0.19307,1.1525,0.74344,-1.5949,0.20073,1
5.02,0.31798,-1.9916,-1.0944,-1.3224,0.15267,-1.1499,0.048973,0.075138,1.2918,-0.080669,-2.0883,0.39717,1
5.3727,-0.36057,-2.4599,-0.56617,-1.6619,0.10292,-1.4455,0.76782,0.39088,0.53027,-0.63413,-1.9376,0.87811,1
5.5869,-0.9596,-2.6714,-0.18834,-1.8291,-0.02887,-1.4245,1.2064,0.4499,0.23052,-0.77102,-1.6096,0.99481,1
5.5824,-1.116,-2.5281,-0.15951,-1.8382,-0.26019,-0.93774,1.2639,0.3346,-0.10235,-0.86964,-1.378,1.1299,1
5.7178,-1.941,-2.1997,-0.23791,-1.6667,-0.68688,-0.73726,1.2649,0.19701,-0.46565,-0.84146,-1.1087,0.96231,1
5.8035,-1.982,-2.4095,-0.14563,-1.9515,-0.56941,-0.81956,1.5212,0.11669,-0.43173,-0.77245,-1.081,1.0786,1
5.9589,-2.1136,-2.431,0.049919,-2.1036,-0.43898,-0.79262,1.6405,0.015739,-0.57062,-0.78859,-0.91591,0.95207,1
6.157,-2.3773,-2.5578,0.24874,-2.3059,-0.35542,-0.95924,1.4774,0.11217,-0.72569,-0.74337,-1.0131,0.84472,1
6.1737,-2.6564,-2.548,0.1832,-2.1625,-0.20405,-0.9088,1.6092,0.18167,-0.56231,-0.81634,-0.68942,0.65653,1
5.5163,-2.5958,-2.2966,0.029257,-1.7531,0.063588,-0.2084,1.7764,-0.0090398,-0.76266,-0.95994,-0.34359,0.53601,1
2.7666,-0.64488,-0.40906,-0.43551,-0.11742,-0.39829,0.73609,0.22752,-0.037291,-0.87846,-0.80102,0.64165,-0.2133,1
2.3862,-2.4279,0.3822,0.92766,-0.2044,0.31716,0.71406,0.36791,-1.1772,0.42205,-0.70716,0.42919,-0.025883,1
2.2531,-2.7371,-0.72269,0.57356,-0.50469,0.63344,1.1541,1.1616,-0.87094,-0.73058,-0.82922,0.41894,0.1676,1
2.4152,-4.5783,-1.5809,-0.51964,-0.82014,0.68946,1.8378,0.98212,-0.85091,-0.54766,-0.60057,0.0063361,-0.30763,1
2.0138,-3.7844,-0.7947,0.085491,-1.3277,0.018345,1.2444,0.82994,-1.1334,-0.16486,0.16059,0.31786,-0.41929,1
2.3228,-3.6747,-0.6389,-0.70361,-1.384,0.20023,1.5762,-0.27127,-0.80344,-0.74854,-0.68507,0.49713,0.26432,1
2.1962,-3.6545,-1.3541,0.46267,-0.010701,0.66365,1.1115,0.1231,-0.98126,-1.388,-0.60519,0.39108,0.49693,1
2.2102,-2.1305,0.10009,1.289,-0.18871,-0.58235,1.4384,-0.56164,-0.30962,-0.18647,-0.51648,-0.29597,-0.060641,1
3.095,-1.1205,0.82173,-0.43696,-0.47663,-1.7042,0.51261,0.30858,0.11823,-0.46926,-0.11051,-0.96675,-0.19691,1
3.468,-0.48354,-0.069431,-0.097961,-1.7072,-1.351,0.029428,0.43741,-0.31426,0.036271,-0.15368,-0.68758,-0.19138,1
4.3377,-1.2831,-0.60592,1.1402,-2.9736,-0.88078,-0.79509,0.68449,-0.068982,0.01847,0.19164,-0.51845,-0.36672,1
4.884,-2.4058,-0.31196,1.6222,-3.4689,-0.84493,-1.2881,0.88367,-0.40364,0.2027,0.29209,-0.22137,-0.43338,1
4.572,-2.6513,0.31593,1.6073,-3.0704,-1.0579,-1.4874,0.66654,-0.45768,0.12983,0.54877,-0.013811,-0.55242,1
3.552,-2.2486,0.85647,1.9258,-2.3657,-1.2318,-1.5907,0.3458,-0.70755,-0.24238,0.31735,0.15295,-0.58628,1
0.48708,-2.2629,2.0802,1.8356,-1.0225,-1.3603,-1.1271,-0.26899,-0.23909,-0.47714,-0.12094,0.34503,-0.44066,1
-1.8354,-1.9541,1.8006,1.2908,-0.02314,-0.40939,-0.35269,-0.71255,0.64411,-0.36533,-0.12093,-0.29119,-0.6471,1
-2.9131,-2.0982,1.3943,0.19044,-0.90768,-0.47656,0.74384,-0.45588,-0.03455,-0.19212,0.95175,-0.36247,-0.034877,1
-4.2409,-2.6051,0.78942,-0.42448,-0.98861,-0.48938,1.2406,0.58511,0.14393,0.60888,1.8709,0.079536,0.91299,1
-5.0353,-2.4091,0.83193,0.051495,0.075365,-0.083342,0.49797,0.11526,-0.10141,0.54133,1.4262,0.35329,0.21468,1
-1.7828,-5.6118,2.3534,-0.88896,1.3623,-0.14982,-0.044147,0.01571,0.33983,1.1619,-0.040967,0.72115,-0.32222,1
1.615,-7.0188,2.5821,-1.2701,0.70232,-0.28829,0.92246,0.99094,-0.48171,0.30263,-0.046496,0.32217,-0.38851,1
-0.094315,-4.3469,1.2228,-1.2225,0.50576,-0.72207,0.040191,-0.25291,-0.12798,0.29763,0.26202,0.35733,-0.28494,1
-0.37062,-2.8832,1.2755,0.41738,-0.80656,-0.80069,-0.79948,-2.0567,-0.36729,-0.22124,1.1758,0.73603,-0.29536,2
0.24222,-2.5789,1.5703,1.2327,0.096074,-0.41334,-1.3263,-2.66,-0.32361,-0.61144,0.30267,0.70826,-0.14706,2
1.3916,-1.6037,2.1583,0.52361,-0.50959,-0.56929,-0.84427,-2.7835,-0.29018,-1.1401,0.20973,0.42141,0.23957,2
1.3565,-1.6563,2.3732,1.0285,-0.44794,-0.53383,-0.46247,-2.1054,-0.6283,-1.0423,0.29739,-0.035466,0.10024,2
1.0677,-1.7216,2.2068,1.4512,-0.65828,-0.52654,-0.32069,-1.9527,-0.044088,-0.40873,0.30562,-0.73555,-0.051208,2
0.66879,-2.0281,2.0905,1.7829,0.096347,-0.65122,-0.96443,-1.6777,0.31924,-0.059803,0.1339,-0.25331,-0.16128,2
-0.14087,-2.2929,1.7187,1.4609,-0.037892,-0.66136,-0.80045,-1.424,0.44355,-0.26375,0.077229,-0.020922,-0.17115,2
-2.2161,-2.6964,0.55313,0.22699,0.38544,0.25066,0.21416,0.054858,0.4124,0.11175,-0.081487,0.060642,-0.12166,2
-3.4779,-2.5857,0.81276,0.58145,0.885,0.39185,-0.35069,-0.63831,0.058119,0.065277,0.082721,0.59293,-0.33094,2
-4.1002,-2.5689,0.90936,0.34068,0.47473,0.030906,-0.21126,-0.61709,-0.24434,0.4604,1.268,0.82851,-0.27356,2
-3.7713,-2.8885,0.44219,0.18171,0.60711,0.58554,0.64087,0.62636,0.6243,-0.0015359,-0.58298,-0.45428,-0.32977,2
-3.7807,-2.9581,0.72511,0.34133,0.47546,-0.212,-0.75991,-1.1527,-0.45721,0.36825,1.1748,0.72852,-0.77887,2
-3.7148,-2.709,0.43243,0.17329,0.47445,0.39769,0.41478,0.36333,0.57715,0.26411,-0.04509,0.19101,0.19606,2
-0.59411,-3.7705,1.4175,-0.24449,1.1138,0.52088,0.79941,-0.33836,0.0077682,-0.20479,0.55572,0.53006,0.33649,2
-0.39545,-6.6237,1.0825,-0.36606,0.59773,0.26224,0.48517,0.65391,0.011974,-0.41361,0.72584,0.87855,-0.11121,2
-0.72096,-2.5749,1.2295,0.91977,0.90194,0.4471,-0.24104,-1.0451,0.16113,-0.62236,-0.63553,-0.0048378,-0.80801,2
1.5882,-0.85971,2.7909,0.94967,-0.10494,-0.40491,-0.7077,-2.4035,0.83107,-0.63214,-0.48866,0.28068,-0.75329,2
2.2924,-0.29698,2.7702,0.80283,-0.49809,-1.0342,-0.68112,-2.4993,0.30918,-0.68128,0.12434,-0.46983,-0.22702,2
2.4852,-0.32462,2.5022,0.13541,-0.053764,-0.72246,-0.95248,-2.4087,-0.26683,-0.53943,-0.027707,-0.07809,-0.6541,2
2.5971,-0.54379,2.3491,-0.084371,-0.93325,-1.0516,-0.78686,-1.261,-0.55742,-0.61122,-0.27388,-0.35981,-0.077348,2
2.7298,-0.45311,2.2101,-0.10987,-1.4344,-1.5094,-0.59853,-0.6812,-0.27044,-1.1149,-0.36972,-0.24624,-0.34089,2
2.9136,-0.46486,1.297,-0.091079,-1.3265,-2.2713,0.11475,-0.52949,-0.30438,-1.1275,-0.68637,-0.3426,-4.78E-05,2
2.9503,-0.7554,1.582,-0.21645,-2.2324,-1.3966,0.037851,-0.22345,-0.70715,-1.2196,-0.71875,-0.21487,0.18639,2
3.0279,-0.6149,0.76168,-1.0371,-1.5221,-1.5344,-0.10007,-0.23966,-0.86556,-1.2928,-0.40922,-0.44491,-0.040334,2
3.1445,-0.63205,0.39398,-1.0271,-1.4479,-1.9088,0.25442,-0.12131,-0.75084,-1.7305,-0.28528,-0.11564,-0.29908,2
3.1603,-0.51637,0.51342,-1.4596,-1.4318,-1.427,0.24796,-0.11982,-1.0004,-1.2445,-0.23285,-0.44233,0.14968,2
3.2344,-1.013,-0.142,-1.9577,-1.2247,-1.5509,0.023236,0.02582,-1.2454,-1.4109,-0.69682,-0.59727,0.15296,2
3.2156,-1.4485,-0.56368,-2.5304,-1.3498,-1.5088,-0.17682,-0.10066,-1.0472,-1.3001,-1.2053,-0.85103,0.26326,2
3.222,-1.2268,-0.64553,-2.1049,-1.482,-1.5612,0.34618,-0.24371,-0.51717,-1.0234,-1.152,-0.57405,-0.006747,2
3.3891,-1.0082,-0.32119,-1.8684,-1.4733,-1.3399,0.40335,0.34532,-0.52148,-1.0981,-0.79217,-1.1258,0.0065365,2
3.5026,-1.0973,-0.085692,-1.9389,-1.5656,-1.9937,0.4345,0.61912,-0.99525,-0.9725,-1.1199,-1.1034,0.11701,2
3.3344,-1.4391,0.007132,-1.5805,-1.9296,-2.6432,0.68446,0.58192,-0.49581,-1.0763,-1.2586,-0.88759,0.038095,2
2.7703,-1.458,0.27187,-1.4639,-1.7087,-2.3903,0.6905,0.2344,-0.050907,-1.2224,-1.1852,-0.96124,-0.28562,2
2.5037,-1.6132,1.3087,-0.80905,-1.9327,-2.26,0.37092,0.18242,-0.075195,-0.85469,-0.86112,-1.191,-0.34447,2
2.1809,-0.89362,1.2913,-1.0447,-1.6674,-2.1172,0.23757,-0.32334,0.043946,-0.80442,-0.60612,-0.92855,-0.45381,2
1.9037,-0.41529,1.8253,-0.73773,-1.4492,-1.5684,-0.19584,-2.4205,0.16784,-1.2588,-0.625,-0.46268,-0.41694,2
2.0196,-0.93763,1.9512,-0.099269,-1.3043,-0.73352,-0.39652,-2.5227,-0.27222,-1.33,-0.29689,-0.15845,-0.29862,2
1.7344,-1.0289,2.4365,0.51359,-0.85145,-0.82898,-0.65798,-2.2865,0.2773,-1.0914,-0.65833,-0.10076,-0.20943,2
1.003,-2.0356,2.3203,0.73167,-0.21567,-0.24296,-0.27733,-1.6915,0.27839,-1.0375,-1.1637,0.11732,-0.42646,2
3.1943,-4.6669,3.3504,-1.1418,-3.3645,-0.721,-1.4633,-0.97082,1.0444,-1.2892,0.91806,-0.28943,-0.86154,2
1.6647,-4.0482,2.6893,-0.84587,-2.6163,-1.1056,-1.3992,-1.3108,0.46292,-0.91609,0.33922,-0.50709,-0.70479,2
0.87691,-3.3171,2.2206,-0.4312,-2.1993,-0.89108,-1.6695,-1.7083,0.46393,-1.1507,0.11491,-0.9295,-0.71214,2
-1.7442,-1.8329,2.3013,0.83124,-0.89816,-0.39087,-0.34741,-1.271,0.90914,-0.39066,0.26794,-0.40702,-0.47866,2
-4.1551,-2.425,0.83821,0.4916,0.57698,0.27457,0.1427,-0.037201,0.59416,0.61152,0.70248,0.61836,0.15959,2
-4.2629,-2.6695,0.47728,-0.35889,-0.3367,-0.051109,1.1915,0.88358,0.2111,0.35155,1.0305,-0.2859,0.42676,2
-5.148,-2.8573,0.40357,-0.049768,0.093304,0.10111,0.5399,0.21474,0.046514,0.050509,0.38763,-0.20912,-0.029272,2
-4.8578,-2.1754,1.4208,0.8439,-0.37273,0.10936,0.74061,-0.24491,0.5907,0.1312,0.68841,-0.17179,-0.23606,2
-4.9194,-2.6484,0.59058,0.28194,0.59211,0.30859,0.24972,0.090715,0.30285,0.38215,0.50607,0.26014,-0.21877,2
-6.1216,-2.9068,0.21635,-0.20441,0.09853,0.044325,0.32796,0.31822,0.33282,0.33479,0.37918,0.27104,0.40063,2
-5.0015,-2.7057,0.47957,0.13337,0.40692,0.16176,0.10151,-0.0011754,0.22974,0.30406,0.47638,0.495,0.23408,2
-4.429,-2.6334,0.55377,0.16877,0.44493,0.39074,0.63652,0.58321,0.51191,0.4381,0.45112,0.47559,0.82437,2
-4.6079,-2.512,0.60121,0.13424,0.40427,0.31248,0.65559,0.55433,0.3678,0.37889,0.56386,0.32529,0.62554,2
-1.6004,-0.89818,1.2896,-1.4132,-0.31765,-0.5243,0.78977,-0.73941,0.29229,-0.9477,-0.14658,0.14235,-0.48438,2
-0.16581,-2.1903,0.026813,-1.0659,-0.10679,-0.78864,0.016014,-0.72354,-0.42422,-0.56026,-0.4731,-0.64798,-0.55298,2
0.89338,-1.3062,2.2757,-0.66157,-1.3409,-2.284,-1.1052,-2.431,0.21688,-0.76055,-0.2879,-0.28671,-0.35583,2
1.4183,-1.1309,2.0684,-1.1617,-1.4759,-2.6435,-0.32929,-1.7963,0.57529,-1.1009,-0.49013,-0.56692,0.10819,2
1.6755,-1.8171,1.5555,-1.4561,-1.7136,-2.2715,0.022662,-1.9693,-0.13914,-1.2278,-0.29056,-0.89717,0.021544,2
1.7435,-2.0721,2.0644,-1.7929,-2.0989,-2.1852,-0.21828,-2.138,0.091257,-0.93434,-0.93744,-0.84169,0.040989,2
2.3241,-2.676,0.16874,-1.3898,-2.8222,-2.2363,-0.21033,-1.0336,-0.54492,-0.55261,0.36713,-1.0811,1.0392,2
3.3882,-3.9762,-0.3179,-1.8474,-2.7458,-1.0998,0.30893,-0.50477,-0.36397,-0.54296,-0.28583,-1.2047,0.80133,2
4.1581,-4.9859,-1.0341,-2.2677,-2.9097,-1.0135,0.25922,-0.68932,-0.50089,-0.62945,-0.0070147,-1.0422,0.63926,2
4.4614,-5.6805,-2.0906,-2.8736,-2.8424,-1.3947,0.033711,-1.2642,-0.85108,-1.1568,-0.23354,-1.1798,0.20455,2
4.9298,-6.29,-2.0515,-2.7456,-2.3488,-0.93805,0.10436,-1.3437,-0.45264,-0.8968,0.16898,-0.80011,0.44378,2
5.0102,-6.4823,-2.2868,-2.7085,-2.1806,-0.72186,0.20172,-1.2159,-0.36933,-0.83448,0.30741,-0.59779,0.46206,2
4.9343,-6.3644,-2.7307,-2.692,-2.298,-0.82325,0.17509,-1.3926,-0.54617,-0.79713,0.13034,-0.68498,0.44847,2
4.8837,-6.2953,-2.6066,-2.8546,-2.204,-0.95153,0.23238,-1.7238,-0.70871,-1.0404,-0.33864,-0.85145,0.12539,2
5.0766,-6.0274,-2.5671,-2.6422,-2.0608,-0.73706,0.41619,-1.5392,-0.54291,-0.83574,-0.4241,-0.72137,0.20298,2
5.0167,-5.8756,-2.4531,-2.5765,-1.9741,-0.49551,0.4219,-1.3374,-0.40891,-0.71444,-0.27515,-0.83184,0.55356,2
4.9573,-5.2214,-1.8025,-2.123,-1.4229,-0.13566,0.7042,-0.95907,-0.089135,-0.65377,-0.29432,-0.61375,0.58302,2
4.9063,-6.1017,-2.4614,-2.6346,-1.7014,-0.64169,0.33722,-1.4383,-0.348,-1.0668,-0.40208,-0.92215,0.3697,2
4.8932,-5.6933,-2.2282,-2.1151,-1.5479,-0.20272,0.23011,-1.3713,-0.38383,-1.067,-0.17453,-0.88455,0.40826,2
4.8804,-6.0013,-2.3165,-2.2457,-1.4715,-0.24488,0.30139,-1.4218,-0.51855,-0.93889,-0.14617,-0.6486,0.48775,2
4.6916,-6.0475,-2.802,-2.5315,-1.7059,-0.55931,0.14719,-1.7696,-0.55446,-0.86943,0.20948,-0.48668,0.57221,2
4.5351,-5.7456,-2.9361,-2.7163,-1.7469,-0.89525,-0.095324,-1.9881,-0.53987,-1.0934,0.30124,-0.75566,0.45676,2
4.3091,-5.8719,-2.7692,-2.463,-1.8057,-0.79071,0.027822,-1.6902,-0.56932,-0.74363,0.44616,-0.4328,0.89653,2
4.1474,-5.6915,-2.7232,-2.5254,-2.3132,-0.8449,0.035672,-1.508,-0.70232,-0.49648,0.65668,-0.24923,1.3933,2
3.7639,-5.6367,-2.5218,-2.2308,-2.2735,-1.0986,0.34148,-1.2436,-0.64729,-0.61619,0.83451,-0.069812,1.7019,2
3.1023,-4.7082,-1.757,-1.7862,-2.0857,-1.1392,0.064328,-1.3295,-0.71821,-0.72736,0.78601,-0.56784,1.4262,2
1.4624,-3.4173,-0.61828,-1.7284,-2.2511,-1.7091,-0.03485,-1.1862,-0.91004,-0.48208,0.73843,-0.63804,1.3302,2
1.418,-2.7689,0.48015,-1.9772,-2.0504,-2.1816,0.41815,-2.3689,-0.19014,0.076058,0.39001,-0.20922,1.0114,2
1.5191,-3.1584,0.77708,-2.4047,-2.1494,-2.1695,-0.019532,-2.2305,-0.15618,-0.21954,-0.12002,0.033377,0.95643,2
1.2804,-2.5149,0.42316,-2.1561,-1.5204,-1.9131,-0.22901,-2.5648,-0.062456,-0.62575,-0.11097,0.25699,0.87576,2
0.97262,-1.843,0.6404,-2.1881,-1.5284,-1.1497,-0.60937,-2.4964,-0.5681,-0.93429,0.2164,0.55446,0.90928,2
0.86688,-2.2586,1.2027,-1.3892,-1.8564,-1.0948,-0.2058,-2.1676,-0.49519,-0.58278,0.66912,0.66771,0.78031,2
0.66883,-1.5995,1.2007,-1.2893,-1.3348,-1.5161,-0.38744,-1.9796,-0.44739,-0.58447,0.56564,0.72802,1.1865,2
0.24132,-2.2409,1.1387,-0.71304,-1.2919,-1.4373,-0.60226,-1.8027,-0.29368,-0.94097,0.79727,0.99774,1.0017,2
0.81618,-1.9206,0.44961,-0.60681,-1.2753,-1.2597,-0.17441,-0.62402,0.31396,-0.35615,0.20262,-0.38718,0.47187,3
3.5558,-2.0891,-2.4786,-2.4247,-1.4416,-2.0743,-0.23737,-0.0045061,-0.089286,-1.141,0.19307,-0.36194,-0.2042,3
3.9176,-3.2622,-3.0415,-2.4874,-1.3873,-1.7667,-0.63265,0.18441,-0.70051,-0.99772,-0.030654,0.11545,-0.46308,3
4.2421,-3.7074,-2.9266,-2.4374,-1.5141,-1.3259,-0.69838,0.036052,-0.67575,-1.3855,-0.31988,0.15663,-0.8283,3
4.4916,-4.0185,-3.169,-2.2401,-1.769,-1.2747,-0.45181,-0.054888,-0.51897,-1.3587,-0.50073,0.24418,-0.93443,3
4.514,-4.2268,-2.7541,-1.911,-1.6501,-0.96955,-0.47428,0.22205,-0.31534,-1.2526,-0.48891,0.057137,-0.89167,3
4.2663,-4.6727,-2.6463,-1.9859,-1.8249,-1.2744,-0.38107,0.067414,-0.41627,-1.0464,-0.50727,-0.12185,-0.92092,3
3.7894,-4.3602,-2.3175,-1.9071,-1.8719,-1.9121,-0.98386,-0.35818,-0.43666,-0.98187,-0.47139,-0.13928,-1.1012,3
2.1823,-2.8073,-1.326,-1.1005,-1.396,-2.2457,-1.0794,-0.45776,0.19568,-0.93285,-0.03915,0.15129,-0.59998,3
1.66,-3.2528,0.31474,-0.28822,-1.4823,-2.6898,-1.7021,-0.95312,-0.049724,-0.59532,0.27092,-0.19923,-0.2151,3
1.7045,-3.828,-0.49111,-1.2721,-1.3801,-2.1223,-1.5004,-1.1562,-0.48378,-0.79511,-0.27197,-0.87423,-0.92865,3
1.6795,-3.4743,-0.15744,-0.58572,-1.0972,-1.9568,-1.1548,-1.3954,0.18848,-0.53091,-0.18461,-0.34646,-0.62824,3
2.9291,-3.8343,-1.1046,-1.3604,-2.2645,-2.0214,-0.26159,-0.027504,0.19333,-0.77502,-0.49306,-0.39515,-1.1279,3
3.9639,-4.6015,-2.0567,-1.4828,-2.4244,-1.6095,-0.26691,0.19922,-0.33061,-1.1179,-0.39535,-0.33507,-1.1836,3
4.2826,-5.074,-2.2241,-1.8292,-2.3683,-1.3076,-0.2969,0.25903,-0.65676,-1.1328,-0.45038,0.0057886,-0.81531,3
4.4657,-5.2391,-2.2228,-2.1265,-2.262,-1.2483,-0.1386,0.44106,-0.78552,-1.0105,-0.24349,-0.083507,-0.604,3
4.6071,-5.2474,-2.021,-1.6667,-2.3163,-0.95786,-0.15005,0.31523,-0.86665,-0.8738,-0.34224,-0.020426,-0.83391,3
4.8581,-5.706,-2.3007,-1.7641,-2.2257,-1.1423,0.0070627,0.35804,-1.0464,-0.72724,-0.24442,0.091127,-0.68914,3
5.0295,-6.0667,-2.0539,-1.7393,-2.0781,-0.99152,0.14699,0.6476,-1.1156,-0.71767,-0.43972,-0.02981,-0.88624,3
4.9885,-6.5568,-2.434,-1.9707,-2.1746,-1.4048,0.1907,0.34971,-1.2497,-0.76292,-0.5519,-0.16206,-0.75853,3
4.8918,-6.7094,-2.6632,-1.9991,-2.2131,-1.397,0.15473,0.42495,-1.1833,-0.72856,-0.60133,0.017937,-0.64603,3
4.8214,-6.0243,-2.1563,-1.6684,-1.9518,-1.3589,0.21442,0.4721,-0.87611,-0.64541,-0.40281,-0.030025,-0.81043,3
4.754,-5.8248,-2.1654,-1.4524,-1.6868,-1.5074,-0.050844,0.46722,-0.69872,-0.7342,-0.65755,-0.033879,-0.7099,3
4.5278,-5.5794,-2.3381,-1.6778,-1.9565,-2.0015,-0.37967,0.4657,-0.58818,-0.68537,-0.41361,0.049565,-1.0654,3
3.5264,-4.3391,-1.5286,-1.7967,-2.2051,-2.7705,-0.79902,0.44912,-0.42186,-0.80916,0.69535,-0.25808,-0.95269,3
0.018935,-3.0741,-0.11381,-1.1205,-1.3266,-1.5759,-0.02809,-0.076682,-0.090414,-0.44323,0.16865,-0.77084,0.04804,3
-2.5474,-2.9125,0.45948,-0.36336,-0.99949,-0.66989,0.51277,-0.041483,-0.40169,-0.41354,0.75648,-0.089523,0.7062,3
-2.6044,-3.497,-0.40365,-1.394,-0.83435,-0.93175,0.57007,0.7415,-0.41117,0.085512,0.83888,-0.4084,1.2269,3
-2.8152,-3.2398,0.13541,-0.73385,-0.80894,-0.54277,0.78869,0.35426,-0.47236,-0.12634,0.88503,-0.45398,0.31892,3
-3.4656,-3.0272,0.19242,-0.71093,-0.61181,-0.35914,1.0356,0.70043,-0.3538,0.032199,1.0388,-0.40445,0.48955,3
-3.8479,-2.698,0.51919,-0.49621,-0.49926,-0.31333,0.95276,0.49159,-0.4656,0.24377,1.4461,-0.083979,0.39549,3
-3.4054,-3.1071,-0.065839,-0.79075,-0.085961,-0.30528,0.59259,0.83795,0.11324,0.28718,0.3345,-0.48031,0.75239,3
-5.0411,-2.7258,0.38161,-0.11107,0.21714,0.11822,0.47845,0.40947,0.24146,0.14645,0.12244,-0.21106,0.18393,3
-4.1877,-3.1422,0.26379,-0.21974,-0.25905,0.61275,0.8485,-0.43832,1.1333,0.4638,0.23143,0.71761,0.35661,3
-0.82168,-2.594,0.44566,-0.33761,-0.10619,-0.13417,0.46989,0.15379,0.27237,0.36202,0.67445,0.19927,0.42416,3
3.3555,-3.093,-1.8316,-2.4657,-1.4491,-1.3469,-0.68529,0.75692,0.13755,-1.2121,0.10089,0.36993,0.081053,3
4.3745,-4.6163,-3.1735,-2.4498,-1.2146,-0.70683,-0.51964,0.68495,-0.35562,-1.0989,-0.16494,0.64995,-0.22783,3
4.5872,-5.2733,-3.3105,-2.7243,-1.103,-0.36017,-1.1377,0.20984,-0.8469,-0.83761,0.029073,0.96796,-0.41968,3
4.8875,-5.5607,-3.6069,-2.8691,-1.1553,0.16135,-0.99042,0.14287,-1.0297,-1.0358,-0.28531,0.46946,-0.25489,3
5.0402,-5.7259,-3.8254,-2.8807,-0.98162,0.33309,-1.182,-0.15673,-0.93985,-1.2204,-0.094444,0.40944,-0.13399,3
5.1536,-5.8044,-4.1825,-2.4452,-0.86787,0.51394,-0.97627,0.25726,-0.61516,-0.83071,0.38912,0.59065,0.31211,3
5.0343,-5.4422,-4.1605,-2.7385,-0.8497,0.14403,-1.3869,-0.090417,-1.0443,-1.1343,0.12218,0.23124,-0.0048989,3
4.7195,-5.4445,-4.3967,-3.3652,-0.93423,-0.056395,-1.4753,-0.3923,-1.0831,-1.3088,0.1561,0.026309,0.24536,3
4.1899,-4.2564,-3.5657,-2.8824,0.16749,0.43811,-1.2419,-0.22301,-0.75184,-1.0651,-0.051449,0.22095,0.0093928,3
3.5249,-4.1022,-3.3627,-2.6795,0.36424,-0.082006,-1.1935,-0.63323,-0.80385,-0.96583,-0.296,0.23563,0.19891,3
2.5291,-4.0294,-2.1659,-2.268,0.14632,-0.60616,-1.318,-0.59338,-0.76986,-0.55407,-0.51604,0.15511,0.47619,3
1.8767,-4.4672,-1.9233,-2.484,-0.97438,-0.65756,-1.0641,-1.2503,-0.91968,-0.56592,-0.085154,0.0027834,0.80596,3
1.1884,-4.4481,-1.1958,-1.7876,-0.92856,-0.79374,-0.76525,-1.47,-0.88382,-0.66306,0.15294,0.36876,0.30279,3
0.51139,-3.7852,-0.53819,-1.3733,-0.85961,-0.7155,-0.12784,-1.3569,-1.2983,-0.91189,0.37276,0.080269,0.37512,3
2.5514,-3.6707,-0.62142,-2.0425,-3.1079,-2.4827,0.11292,-0.52192,-0.15858,-0.49908,0.46661,-1.0665,0.14581,3
3.248,-4.1865,-1.1721,-1.6856,-2.6751,-1.2839,0.65306,-0.041697,0.41598,-0.41366,0.32308,-1.4555,-0.29321,3
3.5558,-4.6803,-1.3406,-1.4732,-2.7268,-1.5434,0.76385,0.2487,-0.4911,-0.56095,0.27694,-0.85926,-0.13477,3
4.075,-4.9795,-1.9909,-1.7983,-3.2407,-1.9751,0.40339,0.18023,-0.16511,-1.0396,-0.23746,-0.96518,-0.14932,3
4.2569,-4.8252,-1.9844,-1.4294,-2.8547,-1.6383,0.33006,0.45148,-0.62435,-0.39832,-0.31643,-1.1379,-0.23804,3
4.371,-5.1476,-1.7341,-1.6429,-2.5217,-1.8216,0.20941,0.34722,-0.81773,-0.4932,0.18902,-0.97469,-0.22394,3
4.2789,-4.9486,-1.6168,-1.4848,-2.3736,-1.8726,-0.10503,0.071652,-0.66981,-0.56863,0.34711,-0.60508,-0.31451,3
3.9717,-4.5528,-1.3127,-1.1813,-2.4876,-2.3017,-0.54522,-0.09378,-0.31359,-0.49607,0.24431,-0.46788,-0.84619,3
2.2607,-3.5874,0.30315,-0.55051,-1.7954,-2.403,-1.0388,-0.88902,-0.66726,-0.90358,-0.11172,-0.0028075,-0.7505,3
2.7142,-3.7681,-0.30702,-0.96451,-2.1422,-2.0329,-1.0082,-0.71512,-0.37866,-1.3546,0.33316,-0.28782,-0.78116,3
3.4169,-3.4425,-0.51549,-1.3748,-2.1616,-2.4127,-0.62035,0.032048,-0.33283,-0.78154,0.028794,-1.1161,-0.55989,3
4.7304,-4.2718,-2.0274,-1.9622,-2.8533,-2.2974,-0.069027,0.0053931,-0.24654,-0.66554,0.31706,-1.4659,-0.83732,3
4.5642,-4.7061,-1.8251,-2.1979,-2.8575,-2.0386,0.059082,-0.36892,-1.1342,-0.54936,-0.00038714,-1.2167,-0.81824,3
4.4638,-5.0661,-2.0803,-2.2966,-2.8268,-2.018,0.19042,-0.26758,-1.3311,-0.43199,0.096922,-1.0672,-0.20463,3
4.5154,-5.1581,-2.3857,-2.2732,-2.9705,-1.8439,0.35229,-0.44726,-1.2942,-0.41634,-0.1405,-1.2006,-0.05409,3
4.5703,-4.9082,-2.081,-1.9122,-3.1581,-1.6163,0.40557,-0.23297,-1.1741,-0.24664,-0.087162,-1.1881,0.022574,3
4.4856,-4.9276,-1.8022,-1.764,-2.9335,-1.8626,0.53567,-0.35574,-1.0069,-0.38852,-0.12277,-1.1795,0.14573,3
4.5239,-5.0164,-1.8197,-1.9174,-3.0877,-1.7301,0.70758,-0.46566,-1.1954,-0.27485,-0.35297,-1.4421,-0.17253,3
4.315,-5.1411,-1.9108,-2.1203,-3.0631,-1.5882,0.7366,-0.59693,-0.75814,-0.50071,-0.323,-1.098,-0.14662,3
4.2535,-5.0263,-1.8569,-1.7712,-2.5702,-1.4521,0.45584,0.018394,-0.69285,-0.43942,-0.31393,-1.0985,0.16576,3
4.1632,-4.6653,-1.6615,-1.6854,-2.3656,-1.3554,0.67902,-0.16421,-0.15865,-0.67439,-0.21807,-0.73186,-0.32959,3
4.2001,-4.9582,-1.9943,-1.8943,-2.757,-1.917,-0.07486,-0.14078,-0.42396,-0.73005,0.05684,-1.0929,-0.48233,3
3.8241,-4.5703,-1.4141,-1.5465,-2.7002,-2.5379,-0.681,0.26335,-0.025707,-0.86271,0.21059,-0.80886,-0.87294,3
0.91309,-2.9689,0.32615,-0.71471,-1.7837,-1.82,-0.12619,0.040238,0.34503,-0.62397,0.50671,-0.47413,-0.33144,3
-0.6882,-3.4396,-0.11784,-0.84806,-0.83282,-0.84157,0.12513,0.014914,-0.23612,-0.30228,-0.14365,-0.96378,0.49345,3
-3.3066,-3.3169,-0.042906,-1.1399,-1.003,-0.81552,0.72802,0.38873,-0.84048,-0.055389,1.1563,-0.57328,0.42027,3
-5.5465,-2.4966,0.60264,0.22132,0.53336,0.3775,0.46991,0.37636,0.40859,0.34522,0.35695,0.30818,0.30629,3
-4.795,-2.5121,0.58867,0.20885,0.52189,0.36689,0.46002,0.36846,0.4016,0.33864,0.35073,0.30307,0.3022,3
-5.6996,-2.026,1.0633,0.66845,0.96976,0.8034,0.88549,0.77405,0.79331,0.71756,0.71577,0.64654,0.62842,3
-5.6215,-2.3759,0.72377,0.34261,0.65389,0.49679,0.58747,0.49272,0.52243,0.45594,0.46402,0.4118,0.40593,3
-5.5564,-2.572,0.58527,0.041494,0.301,0.2108,0.71544,0.5729,0.40146,0.70675,1.1607,0.46161,0.38082,3
-0.21504,-2.5873,-0.209,-1.7876,-1.917,-1.6729,-0.093312,-0.1554,0.20554,-0.87064,0.38974,0.5263,0.99775,3
3.6009,-3.8041,-2.1566,-3.1171,-2.129,-1.9484,-0.097503,0.16687,-0.20887,-1.4845,0.18249,0.11411,0.44966,3
3.9526,-4.4176,-3.408,-3.4882,-1.8376,-1.4449,-0.15082,0.35853,-0.64082,-1.4958,0.05139,0.63853,0.47391,3
4.3265,-3.8075,-3.086,-2.8417,-1.8047,-0.77435,0.11318,0.42109,-0.68577,-1.7668,0.041658,0.82512,0.36901,3
4.6049,-3.8508,-3.5178,-3.3474,-1.4123,-0.80749,-0.28211,0.23072,-0.69037,-1.6476,-0.017802,0.88495,0.40197,3
4.6765,-4.0433,-3.9529,-3.4374,-1.2707,-1.0689,-0.46137,0.086545,-1.1237,-1.7273,-0.23068,0.65679,0.13455,3
4.7056,-3.7835,-3.8854,-3.0261,-0.69177,-0.42631,-0.2763,0.19403,-0.8112,-1.6987,-0.13462,0.8267,0.19466,3
4.569,-4.0528,-4.0318,-2.9055,-0.81799,-0.68971,-0.22497,-0.53631,-0.74192,-1.3682,0.076873,0.84638,0.0046457,3
4.455,-4.2604,-3.8358,-3.2271,-0.45707,-0.81465,-0.5443,-0.59954,-1.0885,-0.88885,0.12383,0.62705,0.028688,3
4.2946,-3.8824,-3.4036,-2.6763,-0.25003,-0.25259,-0.15254,-0.63842,-0.77819,-0.79468,0.22806,0.58685,-0.15368,3
4.1479,-4.7083,-3.6659,-3.0763,-0.063163,-0.3623,-0.39193,-0.8463,-0.97151,-0.95768,-0.020054,0.39054,-0.21507,3
3.9974,-4.6942,-3.5356,-3.0611,-0.17961,-0.44811,-0.68225,-0.64115,-0.73284,-0.63521,0.024398,0.48894,-0.095515,3
3.7473,-4.6106,-3.4857,-2.7596,-0.28711,0.006838,-0.34473,-0.16613,-0.40764,-0.69695,-0.56333,0.44439,-0.04157,3
2.6972,-4.91,-3.3923,-3.388,-0.43577,-0.47337,-0.22526,0.20871,-0.078401,-0.21303,-0.42449,0.40075,-0.047609,3
-1.4616,-2.978,-0.039225,-1.1254,0.22946,0.41145,1.0514,0.41628,0.021388,0.077806,-0.057011,-0.63081,-0.31033,4
-0.53255,-1.8126,1.0086,-0.59417,-0.28902,0.24301,1.1625,-0.30513,0.2037,-0.48163,-0.053757,-0.56133,-0.52458,4
0.94497,-1.3733,0.30051,-1.9487,0.20513,-0.32798,0.90621,0.39949,0.41272,0.13598,-0.23539,-1.3101,-0.19165,4
1.0136,-1.8759,-0.13246,-1.6667,0.090343,0.49644,0.70145,-0.23388,1.0192,0.14349,-0.66084,-0.59915,-0.50673,4
1.1892,-1.5534,-0.53032,-1.4895,0.41322,0.50963,0.83473,-0.55039,0.36818,-0.010514,-0.78255,-0.28335,-0.17496,4
1.3205,-1.411,-0.21436,-1.7538,0.24205,0.50068,0.61765,-0.50599,0.40809,-0.20305,-0.65473,-0.21613,-0.27311,4
1.1492,-1.5147,0.34465,-1.4461,0.72821,0.037154,0.1087,-0.7113,0.34821,0.099868,-0.3402,0.20521,-0.36003,4
1.1319,-1.2329,0.4089,-1.611,0.42144,-0.049534,0.36664,-0.62827,0.27696,-0.18654,-0.21767,-0.16169,-0.20295,4
0.9848,-1.5795,0.58488,-0.86186,0.13017,-0.2691,-0.0091922,-1.0595,0.72259,0.23368,-0.081698,-0.18528,0.027518,4
0.82923,-1.5563,0.64206,-0.9143,-0.38294,-0.34631,0.053141,-0.96617,1.0909,0.46074,-0.2503,-0.33463,-0.2289,4
0.74743,-1.3257,0.21431,-1.4856,-0.19941,-0.44274,0.49772,-0.53069,0.48449,0.20911,0.36158,-0.34501,-0.81005,4
1.27,-0.96964,0.64405,-1.3773,-0.78136,-0.63532,0.24612,-1.0289,0.85406,0.54562,-0.038016,-0.63649,-0.094888,4
1.4745,-1.2227,0.61945,-1.2256,-1.1,-0.61449,0.5003,-1.0521,0.64279,0.52193,0.051225,-0.76248,-0.045559,4
1.1226,-0.84911,0.61787,-1.5321,-0.65523,-0.54302,0.54595,-0.94878,0.52499,0.54236,0.7314,-0.38837,-0.37432,4
0.13598,-1.4705,0.94476,-1.1326,-0.42167,-0.182,0.49003,-0.78141,0.19879,-0.15319,0.32411,-0.23556,-0.38348,4
-0.60322,-2.2949,0.78909,-0.13642,0.20741,0.15292,-0.0053511,-1.0087,-0.022202,-0.43015,-0.2888,0.065612,-0.46656,4
-1.2401,-2.6246,0.81451,0.715,0.8088,0.45193,-0.42367,-0.83908,0.24392,-0.30627,-0.6342,0.28408,-0.50973,4
-1.0708,-2.4349,1.0781,0.95374,0.63435,0.45041,-0.30401,-0.90604,0.45813,-0.35916,-0.74226,0.17543,-0.32644,4
-0.70551,-2.4294,0.77912,0.20141,0.75957,0.43476,-0.43446,-1.3314,0.05972,-0.41309,-0.58462,0.46497,-0.41091,4
-0.23814,-1.5617,1.3332,-0.43757,-0.21054,-0.14653,-0.011229,-1.7175,0.22913,-0.31628,0.1574,0.44432,-0.29537,4
0.2285,-1.3633,0.89656,-1.1469,-0.27266,-0.4408,0.054856,-1.0152,-0.0092114,-0.51048,-0.11046,0.16694,-0.42858,4
0.84185,-0.9375,0.87653,-1.5045,-0.6376,-0.58205,0.35361,-1.1702,0.22502,0.1694,0.57387,-0.28284,-0.41657,4
1.2335,-0.75853,0.56789,-2.1208,-0.34601,-0.34905,0.75254,-0.54625,0.0089236,0.3377,0.59499,-0.56244,-0.63974,4
1.7937,-0.6151,0.25709,-2.6506,-0.52006,-0.43909,0.80623,-0.34046,0.22829,0.43628,0.74426,-0.53919,-0.91494,4
2.062,-0.66485,-0.0078216,-2.9071,-0.56894,-0.046503,0.798,-0.43197,0.20227,0.75801,0.31681,-0.87379,-0.92323,4
1.9535,-1.0262,-0.34268,-2.8467,-0.50563,0.033019,1.2493,-0.19492,0.50254,0.50214,-0.089834,-1.2721,-0.81621,4
1.5898,-1.2187,-0.1822,-2.5725,-0.58041,0.034548,1.766,-0.0088695,0.33723,0.15865,-0.16029,-1.2173,-0.62339,4
1.6542,-1.1317,-0.2953,-2.7809,-0.36083,0.036751,1.6917,0.18748,0.31356,0.29068,-0.043686,-1.4239,-0.90671,4
1.4106,-1.1899,-0.015994,-2.306,-0.35655,-0.25722,1.6096,0.35381,0.44177,-0.20357,-0.37042,-1.5547,-0.088572,4
1.5508,-1.4217,-0.26255,-2.0973,-0.5543,-0.14295,1.677,0.10372,0.44557,-0.12285,-0.79654,-1.2329,-0.25365,4
2.2312,-1.2599,-1.0265,-2.5902,-0.59761,0.34052,1.6032,-0.26924,0.75266,0.16494,-0.82489,-1.1889,-0.20753,4
2.2284,-1.339,-1.0896,-2.7026,-0.40084,0.12542,1.5029,-0.08633,0.30818,0.22081,-0.78188,-1.1522,-0.38442,4
1.9372,-1.4644,-0.70965,-2.4766,-0.34453,0.36332,1.8082,-0.12959,0.60517,-0.0044642,-1.1723,-1.2772,-0.18995,4
2.1209,-1.5,-0.96691,-2.513,-0.50154,0.66047,1.8522,-0.3739,0.60669,0.24348,-0.8073,-1.2114,-0.72099,4
1.9736,-1.1762,-0.86646,-2.6459,-0.21939,0.49552,1.3019,-0.19482,0.55197,-0.13561,-0.58959,-1.2095,-0.61664,4
2.1399,-0.98071,-1.0602,-2.4716,-0.52674,-0.03083,1.6804,-0.41948,0.67734,0.30956,-0.60105,-1.3094,-0.38408,4
2.072,-1.6118,-1.0454,-2.1143,-0.60997,0.32638,1.1094,-0.21158,0.84728,0.046069,-0.92134,-1.3647,-0.1313,4
1.6507,-1.6315,-0.82276,-2.1981,-0.27109,0.30878,1.3599,-0.17694,0.18069,0.13286,-1.1532,-1.311,-0.27942,4
1.591,-1.7874,-0.57664,-1.8509,-0.28622,0.15103,1.0709,-0.12853,0.68433,0.059939,-1.1244,-1.2027,-0.39659,4
0.99445,-1.6466,-0.70183,-1.7213,0.17254,-0.066707,0.57847,-0.068892,0.56994,-0.13927,-0.86738,-0.79465,-0.54455,4
0.69358,-1.3569,-0.28096,-1.6317,0.067211,-0.14674,0.43506,-0.41226,0.71239,-0.33494,-0.7574,-0.59425,-0.41079,4
-0.36616,-2.9443,-0.27714,-1.1623,0.35392,-0.32418,-0.35696,-0.20081,-0.20912,-0.386,-1.0123,-0.65342,-0.21407,4
-0.016758,-3.0925,0.041685,-0.50305,-0.31039,-0.50113,-0.28341,-0.62614,-0.56632,-0.78174,-0.61175,-0.66757,-0.32006,4
-0.89702,-2.6943,0.46456,0.075855,0.26326,0.30184,0.02509,-0.56752,0.04419,-0.61249,-0.87412,-0.29419,-0.55715,4
1.658,-1.4889,0.017008,-2.1664,-0.22915,-0.92412,0.14185,0.31527,0.25849,-0.78131,-0.61971,-0.55421,0.098895,4
2.5126,-1.7047,-0.36338,-1.9027,-0.4117,-0.94298,-0.17235,0.48167,0.80022,-0.48998,-1.1188,-0.83209,0.074899,4
3.1247,-1.3194,-0.21327,-2.4909,-1.1525,-0.30269,0.21902,0.40616,0.49222,-0.84615,-0.36539,-0.89293,0.16023,4
3.4562,-1.1261,-0.26226,-2.6729,-1.341,-0.24985,0.46721,0.2798,0.38316,-0.41581,-0.2766,-1.1452,0.12809,4
3.5173,-1.2954,0.12655,-2.5539,-1.6409,-0.27324,0.15229,-0.058136,0.83721,-0.082756,-0.56015,-1.5598,0.36636,4
3.3918,-0.91481,-0.039869,-2.1075,-1.7352,-0.88128,0.38514,-0.59139,1.3321,0.084679,-0.52184,-1.7422,0.24133,4
1.3988,-1.5383,0.55263,-1.3867,-1.0445,-1.0279,0.34609,0.31641,1.3192,-0.045671,-0.26546,-0.58372,-0.0080639,4
0.59544,-1.3968,1.2564,-0.4131,-0.62578,-0.75092,-0.058813,-0.91035,0.77231,-0.22722,-0.39805,-0.54909,-0.38741,4
2.9748,-0.78952,0.64153,-1.3253,-1.9516,-1.8029,0.40805,-0.94557,0.76038,-0.16473,0.37208,-1.4184,-0.42334,4
2.6191,-0.65212,0.95286,-1.413,-1.678,-1.4593,0.2021,-1.1233,0.78257,-0.21162,0.29392,-0.89365,0.073517,4
0.43716,-1.7257,1.7963,0.507,-0.69624,-0.70916,-0.21529,-1.1622,0.90733,-0.20209,-0.098975,-0.27776,-0.36723,4
0.041789,-2.6984,0.82337,0.58717,0.14312,0.078241,-0.15677,-0.55754,0.60901,-0.033202,-0.4005,-0.23512,-0.67545,4
-0.0471,-2.7667,1.1448,1.1149,0.75449,0.30317,-0.8335,-1.1249,0.89081,-0.095468,-1.2193,-0.064569,-0.91456,4
0.00044473,-2.6919,1.142,1.0886,0.85207,0.60854,-0.46906,-0.93871,0.54839,-0.53207,-1.1693,0.33478,-0.40909,4
0.10059,-2.5998,1.1404,0.86301,0.2525,0.29981,-0.10534,-0.53363,0.85911,-0.26777,-1.0661,-0.25304,-0.37485,4
0.15644,-2.6853,1.2481,0.99777,0.14993,0.1916,-0.25179,-0.76579,0.83571,-0.42926,-1.4723,-0.76801,-0.59956,4
0.13391,-2.5684,1.1648,0.97913,0.30334,0.26486,-0.38789,-1.0789,0.5086,-0.55587,-1.0628,-0.14327,-0.62756,4
1.2363,-1.716,0.8886,-1.3227,-0.7498,-0.52505,0.18008,-0.87282,0.93535,0.18331,-0.30406,-1.2148,-0.41668,4
2.7713,-1.2803,-0.48965,-2.7634,-0.83272,-0.85802,0.64585,0.087605,0.5164,-0.34221,-0.2061,-1.7017,-0.29092,4
2.6437,-1.4829,-1.0361,-2.983,-0.48029,-0.46599,1.147,-0.40924,-0.12254,-0.024676,-0.47364,-1.3897,-0.63513,4
2.7082,-1.2399,-0.8866,-2.7534,-0.17903,-0.63061,0.82952,0.33473,-0.25321,-0.56792,-0.29509,-1.3308,-0.41169,4
2.7004,-1.2695,-1.1648,-2.8368,-0.070924,-0.52478,0.2432,-0.05118,0.008656,-0.51366,-0.77805,-1.1782,-0.2426,4
2.6155,-1.5015,-0.9199,-2.4632,0.15806,-0.9816,-0.15292,0.5375,0.033524,-0.65804,-0.91975,-1.6175,0.12634,4
2.4878,-1.6153,-0.98376,-2.28,0.10852,-0.59298,-0.11597,-0.042256,0.4163,-0.26551,-1.4072,-0.70557,-0.27849,4
2.7759,-1.593,-0.73213,-2.5869,-0.26402,-0.19055,0.3958,0.049931,-0.35773,-0.70117,-0.48025,-0.91578,-0.011082,4
3.3201,-1.4569,-0.83158,-2.8703,-0.77944,0.08441,0.63678,-0.042749,-0.075579,-1.2929,-0.65784,-0.62874,-0.04068,4
3.4818,-1.374,-1.1932,-2.8472,-0.48074,-0.18982,0.74839,-0.12118,-0.50877,-1.029,-0.6422,-0.97426,0.37966,4
3.4047,-1.0507,-1.0147,-2.9584,-0.61889,-0.29042,0.88592,-0.40012,-0.34573,-0.90515,-0.78518,-1.1132,0.61921,4
3.2554,-1.1547,-1.1086,-2.7183,-0.46594,-0.32795,1.043,-0.60322,0.007134,-0.86709,-0.8895,-0.73925,0.34535,4
3.0918,-1.3488,-0.67666,-2.755,-0.70783,-0.61512,0.68422,-0.26829,0.043499,-1.2611,-0.88345,-0.82918,0.48153,4
3.0089,-1.2215,-0.4792,-2.8453,-0.86664,-0.55935,0.81286,-0.39511,-0.12933,-1.4382,-0.7657,-0.59829,0.090857,4
2.695,-1.3589,-0.59499,-2.8319,-0.35758,-0.52263,0.35626,-0.45028,-0.17203,-1.1235,-1.2185,-0.42332,0.44698,4
1.4509,-1.8133,0.19384,-1.615,-0.06325,-0.019266,0.26088,-1.0586,-0.58849,-0.88097,-0.81219,-0.58144,-0.20855,4
0.21512,-2.5707,0.35884,-0.56109,0.55217,0.11247,0.41395,0.34466,0.034256,-0.23108,-0.32898,-0.54179,-0.57612,4
-0.58786,-3.1076,0.52296,0.56655,1.094,1.1485,0.91278,0.93865,0.98265,-0.36012,-1.6248,-0.86617,-0.38113,5
-0.42104,-2.9582,0.34836,0.34513,1.1989,1.0609,0.67371,0.51824,0.32107,-0.38937,-0.88566,-0.54869,-0.95678,5
0.040378,-3.8381,-1.2737,-1.1486,2.0092,1.0122,-0.16468,0.67187,-0.19701,0.24405,-0.50118,-0.023437,-0.56838,5
-0.65526,-3.3677,-0.33496,-0.5809,0.95318,0.88715,0.12119,0.18425,0.36958,0.4925,-0.26169,0.16736,-0.32019,5
1.6206,-4.8484,0.15696,-0.92401,1.5665,1.3056,-0.50495,-0.33086,-0.31846,0.35023,-0.12706,-0.27371,0.054677,5
1.3853,-3.711,0.21194,-0.81328,1.2518,1.1194,-0.080075,0.14129,0.38345,0.79132,-0.10017,-0.62946,-0.4854,5
1.112,-3.4466,0.66234,-0.49741,1.0511,0.60643,-0.68891,0.040241,0.39737,0.67372,-0.1145,0.36167,-0.26427,5
1.562,-3.9463,0.94983,-0.77617,0.94551,1.1662,-0.28358,0.017016,-0.34605,0.29918,-0.31002,0.54207,-0.019744,5
2.3724,-1.2585,1.1928,-0.65142,0.016257,0.32108,-0.4953,-0.14791,0.68115,0.19532,-0.54734,-0.39113,-0.36619,5
4.4175,-0.57851,-0.18288,-1.6856,-0.48782,-0.13649,-0.51698,-0.19391,0.26756,0.16263,-1.0251,-0.51249,0.013248,5
5.4535,-1.2514,-0.8534,-1.6615,-1.2047,-0.3536,-0.95169,-0.018684,-0.053746,0.90799,-0.72695,-1.3677,0.31002,5
5.3538,-1.5834,-0.85892,-1.6713,-1.1932,-0.0040071,-0.90929,-0.1539,0.55276,0.64174,-0.97715,-1.3476,0.30985,5
4.8668,-0.89952,-0.63066,-1.7057,-0.84867,-0.3117,-1.251,-0.22512,0.091047,0.41997,-0.28072,-1.6034,0.24741,5
3.8782,-1.2262,-0.2351,-0.97074,-0.72348,-0.72963,-0.47504,-0.74085,0.17002,0.39677,-0.15233,-0.81465,0.07966,5
3.1624,-1.9953,1.0759,0.62152,-0.86575,-0.59776,-0.42325,-1.2111,-0.36368,-0.028146,-0.64855,-0.42625,0.23061,5
3.0712,-1.6311,1.1275,0.23434,-1.0919,-0.20027,-0.54308,-0.90682,-0.3149,-0.62466,-0.34065,-0.51441,0.56137,5
2.7183,-1.5394,1.6369,0.32172,-0.7444,-0.091416,4.43E-05,-1.352,-0.12089,-0.68203,-0.31998,-0.017828,0.0811,5
2.3884,-1.1117,2.0371,0.14091,-0.54622,-0.076751,-0.019863,-1.6231,0.64575,-0.84297,-0.78106,-0.032531,-0.15642,5
1.5869,-2.122,1.8183,0.62291,-0.20181,0.20415,-0.013786,-0.91854,0.45667,-0.80667,-0.70847,-0.19395,-0.47329,5
3.9732,-5.4159,1.2858,-0.25276,-0.61267,0.41459,-1.3268,0.044613,-0.25662,-0.053623,-0.52733,0.21127,-0.28621,5
5.992,-7.2337,3.249,-0.47863,1.2243,0.51292,-1.6106,1.2455,-1.4143,-0.19413,-0.15962,0.15489,-0.33558,5
6.2081,-8.8713,2.2913,-1.3564,0.93098,0.83913,-0.36564,0.60945,-0.97042,-0.015636,-0.37264,0.14485,0.14946,5
6.7237,-7.8016,3.2938,-1.409,0.35068,-0.31107,-0.27606,1.5656,-0.75333,0.51343,-0.46038,-0.054421,-0.64829,5
7.1859,-8.4507,2.547,-1.7188,0.66002,0.16534,-0.61969,0.72756,-1.1122,0.56552,-0.48825,0.64506,-0.20999,5
7.1957,-8.1684,2.432,-2.1296,0.51114,0.20622,-1.0601,0.51462,-1.069,0.35396,-0.15122,0.92627,-0.84549,5
6.8447,-8.8442,2.3614,-2.0592,0.89927,0.014281,-0.5099,1.0386,-0.48071,0.38266,-0.60634,0.5676,-0.67114,5
6.0891,-8.1091,2.8416,-1.6314,0.53157,0.31638,-0.86251,-0.15392,0.19429,0.41273,-0.24229,1.0638,-0.39438,5
4.5867,-7.7008,1.4977,-1.2956,-0.068805,-0.042261,-0.67243,0.9568,-0.19065,0.67212,0.009208,0.71809,-0.74697,5
1.7598,-4.3435,0.76324,-0.735,0.72643,-0.11484,-0.31325,0.79383,-0.27671,-0.31544,-0.37941,-0.11969,-0.57801,5
1.6133,-1.1335,1.7388,0.25592,0.07198,-0.10791,-0.30994,-0.64801,1.4225,-0.39814,-1.029,0.16351,-0.66505,5
2.7388,-1.1683,0.81794,-0.44213,-0.70048,-0.19258,-0.36792,-0.25908,1.0695,-0.31907,-0.44444,-0.20003,0.45239,5
2.5469,-1.1886,0.59037,-0.63002,-0.039791,-0.036392,-0.089592,-0.081542,1.1261,-0.36814,-0.61698,-0.0057318,-0.24421,5
2.0249,-0.95201,0.98395,-0.63382,0.027563,-0.08613,0.083784,-0.10652,0.89238,-0.49771,-0.71213,0.031553,-0.065056,5
1.8369,-1.3191,1.0495,-0.50244,-0.028906,-0.22894,0.43076,0.1435,0.78657,-0.76029,-0.81794,0.31249,0.15524,5
0.9254,-1.9934,1.3518,0.57329,0.28017,0.42655,0.34186,-0.29795,1.2602,-0.25126,-1.006,-0.14174,-0.2074,5
0.4593,-2.7691,0.83066,0.82596,1.1042,0.92397,0.18356,0.44336,1.5598,0.27145,-1.2597,0.0076971,-0.22382,5
1.3594,-7.5895,-1.5544,-2.2644,1.0208,1.2723,-0.47258,0.27954,0.070907,0.63205,0.2088,-0.51729,0.28721,5
1.7726,-7.3367,-1.4187,-2.0358,1.4475,1.4413,-0.64642,0.40029,0.93821,0.6474,0.23189,-0.29082,0.051053,5
1.5183,-7.3692,-1.489,-2.596,0.85064,1.6961,-0.40671,0.87165,0.86453,0.62864,0.53627,-0.16477,0.20717,5
2.2349,-8.0196,-1.9284,-1.7017,0.81743,1.4777,-1.3966,0.14505,0.17206,0.61224,0.092544,-0.21487,0.42794,5
2.9818,-9.2112,-2.3033,-2.6012,0.80444,1.2177,-1.0324,0.033298,1.3482,0.41239,0.36801,-0.35386,0.41151,5
2.672,-8.9424,-2.3688,-1.6658,0.74966,1.6526,-1.2906,0.43754,0.75798,0.88796,0.24541,0.062005,0.60411,5
3.3023,-8.8676,-1.7228,-1.3185,0.78375,0.80179,-1.3761,0.57658,0.47744,1.2426,0.46435,-0.22742,0.94813,5
2.476,-7.6684,-1.379,-1.9804,1.9395,1.208,-1.2517,1.0435,0.8853,0.84185,-0.099402,-0.30664,0.98753,5
-0.10631,-1.3002,0.28627,-1.5331,-0.55673,-0.61285,-0.091767,-0.80243,-0.10005,-0.69786,-0.44551,-0.12084,-0.34703,5
2.8641,-1.9001,-1.2252,-1.882,-0.94318,-0.3256,-0.96552,0.015422,-0.38441,0.048474,-1.387,-0.1946,0.26875,5
3.4129,-2.3034,-1.5231,-1.8288,-0.77313,-0.43876,-0.91215,0.23881,-0.095992,0.42563,-1.2138,-0.42366,0.25999,5
3.3325,-1.7559,-1.5002,-2.0333,-0.9309,-0.64127,-1.0913,0.19323,0.15163,0.38603,-0.93858,-0.80071,0.35431,5
2.8687,-2.2154,-0.79508,-2.1664,-0.98336,-1.0031,-1.1774,0.059154,0.33952,0.28864,-0.93597,-0.8073,-0.16824,5
1.5287,-1.9649,0.16892,-1.9161,-0.62628,-0.64155,-0.97699,-0.80721,0.31223,0.27012,-0.47275,-0.5156,-0.28762,5
0.59502,-1.335,1.4447,-0.65561,-0.93449,-0.65727,-0.35073,-1.6894,0.37472,0.16617,0.14118,-0.65731,-0.10554,5
0.45301,-2.1872,1.2546,0.15721,-0.35773,-0.68181,-0.98376,-1.4864,0.70658,0.040335,-0.61864,-0.47011,-0.069733,5
0.022494,-2.2327,1.3825,0.51093,-0.36975,-0.7297,-0.88678,-1.4996,0.80532,-0.03977,-0.45643,-0.35644,-0.24243,5
-0.23362,-2.5473,1.4269,1.1218,0.35839,-0.41952,-1.4925,-2.2942,0.30387,-0.17769,-0.11562,0.54295,-0.18853,5
-1.0577,-2.6874,0.83921,0.40174,-0.17088,-0.33667,-0.55577,-1.2638,-0.10982,-0.2097,0.24875,0.13254,-0.48006,5
-3.1841,-2.8554,0.47291,0.061375,0.20741,0.02246,0.14141,-0.10084,0.052585,0.13977,0.28684,-0.1533,-0.54932,5
-1.9469,-5.339,1.8134,-0.37913,0.13103,0.11728,-0.26631,0.054933,0.091318,-0.1039,-0.39232,-0.060424,0.1959,5
0.88875,-7.2167,1.535,-1.1999,1.4948,-0.1732,0.086247,0.75664,-0.46119,0.59764,0.25375,0.35159,-0.26407,5
1.8235,-8.1955,1.3481,-1.8331,1.1287,-0.31292,0.54263,-0.06408,0.29073,0.64001,0.45358,0.5727,0.062052,5
0.94462,-8.3263,1.2689,-1.5524,1.686,-0.16667,0.89865,0.47534,0.79261,0.62777,0.81822,0.62475,0.3066,5
0.93203,-8.3153,1.23,-1.4815,1.8666,0.44155,1.3489,0.69516,0.92019,0.32693,0.22773,0.24048,0.18753,5
0.31503,-6.7846,1.9946,-1.226,1.2969,0.065219,0.55068,-0.17284,0.81267,-0.14088,-0.15462,0.51839,0.48335,5
0.79273,-7.9284,1.6289,-0.71973,1.8296,0.26083,0.9182,0.77079,0.98321,0.39897,0.089888,0.16548,0.27769,5
1.6054,-6.1489,2.0086,-1.2641,1.7223,-0.036347,0.33499,0.80721,0.79707,0.24497,-0.081426,0.0025453,0.66095,5
-0.39049,-5.9131,2.1263,-0.26225,1.4585,-0.066627,0.11941,-0.12972,0.47179,0.068066,0.31954,0.61945,0.44604,5
-2.0129,-1.6722,1.2175,-0.066107,-0.25708,-0.1017,-0.30004,-0.4971,0.8546,0.010994,-0.34529,0.18442,-0.16061,5
1.0475,-1.5114,1.3989,-1.3872,-0.80471,-0.16359,-0.43488,-0.47071,0.63109,0.13112,-0.052572,0.33381,-0.031174,5
0.85927,-1.8577,0.64401,-1.5426,-0.63263,-0.50207,-0.24397,-0.25856,0.69658,0.11995,-0.49821,0.019841,0.27055,5
0.12061,-2.2202,0.70042,-0.94325,-1.0368,-0.7715,0.59764,-0.043633,-0.16578,-0.74505,0.097063,-0.20143,0.37843,5
1.412,-8.2297,0.42588,-0.95225,1.4035,-0.068112,0.67755,-0.14868,0.36305,0.072972,0.089661,0.55978,0.16467,6
2.6196,-8.8859,1.7589,-0.83377,1.5521,0.66873,1.0925,0.35307,0.88485,-0.1774,0.12053,-0.24235,-0.023495,6
3.1014,-9.3929,0.8424,-1.3099,1.2251,-0.1044,0.83517,-0.11302,0.72253,-0.033876,0.46576,0.50638,-0.046531,6
3.8242,-9.6483,1.0696,-1.1731,1.2163,0.13211,0.96152,-0.058256,0.12998,0.16233,0.21304,-0.46643,-0.36235,6
4.6089,-9.0979,0.67983,-1.6571,0.58197,-1.0498,0.71723,0.045832,0.42302,0.026792,-0.21701,-0.28935,-0.18867,6
4.7906,-10.336,0.497,-0.97247,0.54108,-0.41609,1.3957,0.29969,0.35736,-0.23636,-0.040298,-0.24013,-0.29537,6
4.7563,-8.5878,1.4577,-0.73409,0.86061,-0.027047,0.19923,-0.1065,-0.29446,-0.56537,0.78268,0.5598,0.24049,6
5.6445,-8.2913,0.93295,-1.6882,0.23587,0.23879,-0.090806,-0.047743,0.64099,0.027228,0.39291,0.49121,0.21331,6
4.4965,-6.5496,0.022983,-2.2185,-1.1897,-0.70308,0.46112,0.64508,0.36838,-0.33402,0.39851,0.63319,-0.38852,6
3.5311,-2.5845,1.9637,-0.72226,0.13273,-0.83531,-0.28811,-0.031725,-0.2398,-0.50209,-0.4542,-0.0020711,-0.76719,6
5.7915,-3.1065,1.0542,1.2506,-1.5636,-1.4317,-2.1786,0.21655,0.85548,-0.29972,-0.79442,-0.14368,-0.56996,6
6.4451,-3.3601,0.38124,0.77986,-1.704,-1.2733,-2.34,0.21218,0.50165,-0.077715,-0.37374,0.20646,-0.82388,6
6.174,-2.7681,0.6554,-0.58589,-1.025,-1.0004,-2.5114,0.099348,0.39096,-0.31176,-0.52548,0.30126,-0.91413,6
5.6561,-2.8682,0.70856,-0.088575,-1.2061,-1.2796,-2.5784,-0.21951,0.74735,-0.44165,-0.83923,0.46662,-0.97816,6
3.1603,-3.1237,1.0999,0.16796,-0.16435,-1.3359,-1.2478,-0.0061726,0.88554,0.045293,-0.48287,0.61958,-0.59593,6
-1.0392,-1.8632,1.5299,0.20106,-0.6284,-0.89813,0.080889,-0.40076,0.6015,-0.18875,0.55139,0.073873,0.17701,6
-1.7027,-2.7759,0.60895,-0.35614,-1.0428,-0.90098,-0.065219,-0.80697,-0.032981,0.070281,0.65697,-0.58063,-0.13081,6
-2.107,-2.4889,1.0458,0.69637,0.17514,0.072557,-0.14111,-0.68368,0.47216,0.12601,0.18928,0.19869,-0.464,6
-2.2749,-2.5116,1.0493,0.5883,0.07423,-0.10435,-0.24791,-0.79901,0.40319,0.36883,0.58587,0.20431,-0.6083,6
-2.3906,-2.8947,0.39988,0.12528,0.42045,0.0055475,-0.26244,-0.39952,0.072319,0.31517,0.4946,0.3129,-0.53241,6
-2.4712,-2.8752,0.43999,0.043414,0.15114,-0.24338,-0.4584,-0.72763,-0.1767,-0.038007,0.1532,-0.0070399,-0.57198,6
-3.1683,-2.6355,0.71062,0.38388,0.35595,0.34933,0.49882,0.20706,0.56718,0.23686,0.25771,0.043031,-0.31577,6
-3.7843,-2.6871,0.55085,0.29043,0.64763,0.4337,0.31546,0.24582,0.47303,0.24437,-0.010807,0.016302,-0.28364,6
-3.4198,-2.6845,0.58945,0.14423,0.25816,-0.0088107,-0.091497,-0.43629,-0.12924,0.16862,0.63273,0.31989,-0.37989,6
-1.635,-4.8813,1.4802,-0.45349,0.12871,0.090877,-0.4536,-0.06599,0.049496,0.18353,0.00084516,0.45847,-0.04714,6
3.5505,-8.2559,0.67843,-0.58579,0.52701,-0.3088,0.64524,0.78376,0.3796,0.4213,0.53243,0.45573,-0.17832,6
3.6503,-4.9833,2.2721,-1.1765,1.1668,-0.38033,0.01902,0.32209,-0.13202,-0.131,0.0056874,0.65882,-0.3183,6
4.5683,-1.5706,0.51834,-1.1676,-1.7391,0.19747,-1.1174,0.30188,0.71958,0.52813,-0.87149,0.17324,0.12863,6
5.2639,-1.5494,-0.2087,-0.99498,-1.7178,0.12351,-1.0506,0.40116,0.88792,0.25679,-1.238,0.2846,0.013784,6
5.1542,-1.8184,-0.098033,-1.0959,-1.5553,0.55935,-0.9594,0.50025,0.61545,0.16046,-1.2755,0.051424,0.055788,6
5.1051,-1.9131,-0.42366,-1.43,-1.204,0.38892,-0.54804,0.16007,0.56854,0.37548,-1.0485,-0.26403,0.087396,6
4.8135,-1.7497,-0.72842,-1.3061,-1.0707,0.31578,-0.59212,-0.059525,0.90111,0.32864,-1.1992,-0.24088,0.11021,6
4.162,-1.0994,-0.91649,-1.2879,-0.99422,0.11284,-0.25162,0.045894,0.70299,0.34663,-0.94149,-0.51983,0.27181,6
3.544,-0.88766,-0.33608,-1.3462,-1.2573,0.03953,0.27542,-0.31988,0.63732,0.52164,-0.63506,-0.5731,0.023988,6
3.4147,0.13917,-0.58962,-2.2341,-1.1241,-0.24144,0.50112,-0.72572,0.67927,0.44577,-0.67599,-0.64359,0.056764,6
2.7739,-0.11671,-0.50755,-2.7203,-0.63684,-0.36448,0.7137,-0.49283,0.62398,0.24035,-0.30491,-0.51746,-0.21357,6
2.2561,-0.095876,-0.5442,-2.2725,-0.81757,-0.23629,0.57657,-0.58845,1.0629,0.19084,-0.30881,-0.84697,0.24229,6
-4.3519,-2.9298,0.56547,0.27385,0.58267,0.47166,0.64409,0.53741,0.62876,0.76822,0.93996,1.0887,1.2789,6
-3.0936,-5.0064,2.2226,-0.13703,0.082125,0.72889,1.3275,0.12136,0.050161,1.0228,0.34658,0.25654,0.44167,6
-1.2535,-5.2002,2.7922,-1.0031,0.20073,0.13302,0.73477,-0.10806,0.15669,0.37791,0.26178,0.028226,-0.11406,6
-1.2874,-8.4141,0.4508,-1.1887,1.1289,0.31504,1.4727,0.66678,1.3507,0.36246,0.29976,0.24221,-0.11801,6
-1.217,-8.8976,0.35895,-0.7427,0.56932,0.031248,1.0603,0.73643,0.81875,0.076918,0.3614,0.82336,0.30374,6
-1.397,-7.2906,1.4128,-0.092571,0.9526,0.203,0.34197,0.19035,0.35584,0.31117,0.38522,0.31229,0.10834,6
-2.1689,-5.4537,1.7358,-0.31243,0.69638,0.4403,0.29855,0.29252,0.46506,0.16676,0.39388,0.26089,0.34478,6
-1.1876,-6.0648,1.4869,-0.4246,0.36769,0.1139,0.49199,0.093078,0.085014,0.23685,0.40556,0.29706,0.45739,6
-0.18212,-9.0485,0.87554,-0.035416,0.58016,0.24377,1.14,0.93287,0.27658,0.025274,0.51746,0.32173,0.42276,6
0.061288,-8.4048,0.96442,-0.75201,1.8511,0.17781,0.96024,0.31449,-0.23754,-0.15458,0.5491,0.70391,0.86726,6
-0.33578,-2.9714,1.9341,0.89999,0.40389,-0.28431,-0.72352,-0.72769,-0.40049,-0.67245,-0.84346,-0.014459,-0.46857,6
2.3815,-1.9174,2.3533,1.2364,-0.75164,-1.664,-0.51342,-1.4183,-0.76776,-0.97759,0.41993,-0.26774,-0.03905,6
3.008,-2.1327,2.1694,0.64657,-0.88202,-2.1212,-0.99203,-1.271,-1.3394,-0.87578,0.075834,-0.49721,-0.25399,6
3.293,-2.5897,1.6163,1.1695,-1.1048,-1.642,-0.71129,-1.3757,-2.0814,-1.2446,0.065538,-0.34739,0.32554,6
3.1432,-3.1153,1.4446,1.6223,-0.0087182,-1.2471,-0.90543,-2.3209,-2.4089,-0.94736,0.34677,0.23333,0.54309,6
2.375,-2.6521,1.3782,1.7464,-0.51651,-1.9575,-1.523,-1.94,-1.1037,-0.86492,0.7487,-0.38828,0.17483,6
1.8447,-3.2695,1.4102,1.297,-0.50756,-1.8888,-1.4795,-1.7,-1.4624,-0.73146,0.46861,-0.52438,-0.41297,6
0.84083,-2.9597,1.1373,0.82542,-0.030557,-0.89373,-1.3142,-1.7246,-0.44491,-0.55321,-0.30031,-0.16235,-0.74508,6
-0.74552,-2.773,0.63785,0.47867,0.46144,0.14884,-0.46835,-0.77822,0.22517,-0.27677,-0.51161,0.19745,-0.29323,6
-1.6548,-2.7622,0.83138,0.4809,0.48808,0.13078,-0.42216,-0.90986,-0.19831,-0.17679,0.12008,0.47635,-0.25057,6
-1.5428,-2.9267,0.60946,-0.076652,-0.046727,-0.31585,-0.27551,-0.78302,-0.63645,0.16512,1.1387,0.41069,-0.6038,6
-3.4054,-2.715,0.49647,0.10325,0.3624,0.13334,0.15134,-0.049157,0.052432,0.15033,0.30891,0.051021,-0.32231,6
-5.4337,-2.4883,0.79961,0.41608,0.6523,0.38785,0.38946,0.16748,0.3044,0.47487,0.68276,0.31122,-0.19366,6
-4.1063,-2.6928,0.83699,0.23698,0.43145,0.014383,-0.22966,-0.60607,-0.22419,0.50719,1.3887,0.96742,-0.14812,6
-4.2651,-2.7074,0.5786,-0.0065922,0.18058,-0.056133,0.18811,-0.099323,-0.092181,0.54984,1.3268,0.64184,0.12918,6
-4.3101,-2.5538,0.67128,0.20008,0.41656,0.11621,0.043057,-0.22645,-0.043156,0.28935,0.70474,0.42495,-0.17305,6
-4.7613,-2.5452,0.70897,0.30884,0.55472,0.38126,0.30073,0.047941,0.14585,0.11303,0.14033,0.13806,-0.21415,6
-3.6952,-2.6936,0.55661,0.13218,0.39138,0.092634,0.034452,-0.19505,0.009102,0.34207,0.74588,0.42957,-0.18805,6
-3.3607,-3.5081,0.7167,-0.73384,-0.2936,-0.018356,-0.017677,0.41477,-0.40232,0.18767,0.77912,0.60679,-0.00047654,6
-1.5898,-4.8822,0.082635,-1.9242,-0.65316,-0.10374,-0.086013,1.2051,-0.29414,0.28061,0.80803,0.38949,0.34777,6
-0.99537,-3.8024,0.62772,-0.83149,0.5742,0.18054,0.17708,0.093754,-0.29015,0.32139,0.11224,0.77991,0.17203,6
0.36924,-2.6067,1.9749,-0.32271,-0.24001,-0.64862,-0.73737,-1.6042,-0.35367,-0.35298,-0.081144,0.52437,-0.30503,6
3.4853,-0.48201,0.76893,-1.4516,-1.5545,-1.6964,-0.72872,-0.95932,0.71592,-0.10865,-0.14982,-0.61831,0.22872,6
4.2901,-1.0808,0.059777,-2.0189,-1.5,-1.6386,-1.2641,-0.18863,0.62364,0.21464,-0.46598,-0.95123,0.20067,6
4.6636,-1.6179,-0.88633,-2.7093,-2.4948,-2.1226,-1.4865,-0.32121,0.38433,-0.75546,-0.94628,-1.4129,-0.12497,6
4.7314,-0.89959,-1.1105,-2.47,-2.0977,-2.1282,-0.29839,0.086159,0.77521,-0.89209,-0.82624,-1.0585,0.052134,6
4.5847,-1.0786,-1.2178,-3.0297,-1.8175,-1.7573,-0.082587,0.26467,0.71225,-0.83352,-0.82271,-1.2045,0.009954,6
4.3109,-0.9087,-0.78909,-3.2134,-1.9699,-1.8037,0.31521,0.23294,0.64159,-1.2177,-0.47564,-1.0395,0.11739,6
4.12,-1.4042,-1.2057,-2.9846,-1.6222,-1.6002,0.34489,0.46575,0.36085,-0.62544,-0.64253,-0.85443,0.78123,6
3.9035,-2.4902,-1.0921,-3.2073,-1.847,-1.2787,-0.32266,0.51818,-0.036067,-0.65193,-1.1421,-0.81431,0.53743,6
3.6063,-2.5079,-1.1073,-3.5448,-2.0798,-1.2003,-0.044714,-0.01101,-0.21419,-0.5269,-1.2099,-0.94742,0.4774,6
3.374,-2.4785,-0.86477,-3.2357,-1.5577,-0.88102,0.37981,0.6101,-0.2797,-0.38991,-0.58838,-0.87076,0.60827,6
2.5503,-2.8186,-0.84736,-3.3182,-1.5206,-1.1451,0.41055,-0.08705,-0.36725,-0.51547,-0.56788,-1.0087,0.51784,6
1.5827,-2.9267,-0.65988,-3.1736,-1.1545,-1.2612,0.53597,0.0098602,-0.41471,-0.1213,0.29994,-1.5467,0.17952,6
0.57022,-3.4303,-1.0651,-2.1546,-0.41234,-1.0149,-0.05772,0.25899,0.42376,0.06818,-0.75902,-0.77105,0.22192,6
1.407,-3.8362,-1.1864,-3.2084,-1.034,-1.3085,0.67078,0.89762,0.69236,0.19453,-0.05618,-1.344,0.63156,6
1.5338,-3.593,-1.1261,-2.9465,-1.367,-1.792,0.60106,1.0662,0.85664,-0.1758,-0.10278,-1.3515,0.82204,6
-0.67708,-4.6374,1.5737,-0.5116,0.52349,-0.044481,0.80203,0.17813,0.27472,0.40707,-0.012484,-0.10488,0.11383,7
-0.25067,-4.8,1.4929,-0.59584,0.71212,-0.033304,0.41384,0.22193,0.20098,0.25929,0.24369,-0.066993,0.18725,7
0.080151,-7.8927,1.4051,0.17342,0.49167,0.44485,1.0393,0.49374,0.75188,0.1581,0.40534,0.69979,0.26933,7
0.89775,-7.1165,1.981,-0.92409,1.4142,-0.18855,0.55776,0.68627,0.054704,0.2038,0.12823,0.39969,0.69044,7
1.4325,-7.1697,1.8504,-1.0641,1.0457,-0.20948,0.23026,0.048678,0.086676,0.20161,0.13597,-0.21795,0.30625,7
2.8057,-9.816,0.75583,-1.3652,0.80543,0.057742,0.81133,-0.090579,0.48782,0.096625,0.5667,-0.40622,-0.095279,7
2.7619,-9.1901,0.62202,-0.36144,0.66815,-0.23481,0.4668,0.66624,0.41257,-0.0075676,0.21148,-0.12044,0.259,7
3.5565,-7.5823,1.214,-0.23645,0.68781,-0.10166,0.76548,0.29129,0.7079,0.047133,0.219,-0.1375,0.025703,7
3.3841,-4.5791,1.4491,-0.65095,1.0118,-0.020718,0.65351,0.79399,0.96376,0.37967,0.14839,0.38044,0.46792,7
4.3594,-0.31126,1.2989,-0.48683,-0.18469,-1.0555,-0.98219,-0.6618,0.57977,0.054393,-0.2501,-0.057437,0.61985,7
5.7702,-0.86612,0.45084,-1.4675,-0.49159,-2.0469,-1.9237,-1.015,1.0726,0.4106,-0.62739,-0.46284,-0.0027623,7
6.1306,-1.0929,-0.81978,-2.1545,-1.4066,-2.1085,-1.6526,-0.97381,0.25558,0.46023,-1.0816,-1.3857,-0.12552,7
6.0861,-1.1669,0.00086753,-2.1414,-2.096,-1.2888,-1.2158,-0.75431,0.40768,0.44123,-0.9092,-1.4542,0.29481,7
5.9071,-0.65284,0.04993,-2.2761,-1.5689,-1.4763,-0.85247,-0.98751,0.23644,0.62317,-0.8008,-1.3052,0.10063,7
5.5819,-0.034,0.36462,-2.2717,-0.98542,-1.4856,-1.0343,-1.1303,0.21465,0.76455,-0.34175,-1.3028,0.1307,7
3.9873,-0.50483,1.651,0.16816,-0.42253,-1.3012,-1.1301,-1.7383,0.91201,0.14495,-0.23127,-0.49935,-0.083319,7
1.9796,-1.9055,1.6579,0.59606,-0.79482,-0.72587,-0.21881,-1.1689,0.67935,-0.45939,-0.28678,-0.47248,-0.031413,7
1.7202,-2.2753,1.1171,-0.052119,-0.59395,-0.51634,-0.18298,-1.4953,-0.28367,-0.48029,0.44889,0.082204,-0.57753,7
1.774,-2.9396,0.87531,0.5665,0.33807,-0.074798,-1.1417,-2.1523,-0.58801,-0.93631,-0.26402,0.61246,-0.78021,7
2.1334,-2.2564,1.1539,0.39599,0.012666,-0.28843,-0.75673,-2.0249,-0.23015,-0.53091,-0.15134,0.11944,-0.23197,7
4.2432,-0.5973,0.1839,-0.81339,-1.1431,-1.4105,-0.50095,-1.7568,0.33361,-0.057875,0.18392,-0.67034,-0.2576,7
6.2951,-1.0176,-1.2846,-1.3271,-1.3058,-2.059,-0.85866,-0.11726,0.81138,-0.062763,-0.64983,-0.96696,0.014824,7
6.7844,-2.2076,-1.7497,-1.2046,-1.9428,-1.6892,-0.52312,0.585,0.059125,-0.062713,-0.57418,-1.3025,-0.60823,7
7.1499,-2.777,-2.0715,-1.568,-1.4823,-0.88713,0.52131,0.29834,-0.38744,-0.17744,-0.49837,-1.4587,-0.38264,7
7.1806,-2.2863,-2.8048,-1.8237,-2.2104,-0.53323,0.25128,-0.62943,-0.51242,-0.46844,-0.75083,-1.5176,-0.45939,7
7.1455,-2.2472,-2.7229,-1.8734,-2.3039,-0.33742,0.25871,-0.8155,-0.5177,-0.32533,-0.99149,-1.4813,-0.47813,7
7.1105,-2.2571,-2.561,-2.1275,-1.9906,-0.62464,0.48175,-1.0307,-0.53491,-0.44864,-0.96765,-1.6359,-0.22559,7
7.0641,-2.425,-2.4147,-2.4611,-1.8146,-0.75993,0.46373,-1.0564,-0.42361,-0.69953,-1.0494,-1.6806,-0.20184,7
7.0568,-2.121,-2.4706,-1.9391,-1.7201,-0.43332,0.78656,-0.80601,-0.33495,-0.44065,-0.87485,-1.5178,-0.0092891,7
7.0601,-2.474,-2.6594,-2.1802,-1.9013,-0.47587,0.40199,-0.98037,-0.43077,-0.73006,-1.062,-1.6358,-0.2166,7
7.022,-2.082,-2.6541,-2.3251,-2.0671,-0.49636,0.54225,-1.1842,-0.47967,-0.36416,-1.2726,-1.6335,-0.13741,7
7.0727,-2.3138,-2.764,-2.2942,-1.9519,-0.62159,0.32817,-0.81592,-0.61891,-0.35771,-1.3476,-1.393,-0.39941,7
7.0798,-2.5153,-2.7261,-2.405,-2.117,-0.49222,0.2617,-1.0091,-0.56193,-0.41573,-1.1769,-1.7171,-0.24515,7
7.0883,-2.3404,-2.1661,-2.2487,-1.8586,-0.034031,0.45304,-0.93738,-0.166,-0.0046898,-0.99119,-1.4673,-0.056137,7
7.0678,-2.4354,-2.5533,-2.2307,-2.0958,-0.27959,0.32825,-1.032,-0.33846,-0.28941,-1.1189,-1.6442,-0.38685,7
7.0266,-2.5312,-2.3923,-2.2761,-1.8333,-0.59097,0.17757,-0.90786,-0.35676,-0.167,-1.0622,-1.8126,-0.37616,7
6.7462,-2.1406,-2.5662,-2.89,-2.0016,-0.43224,-0.019429,-1.174,-0.91413,-0.34327,-1.2382,-1.9083,-0.30977,7
6.0741,-1.1996,-1.59,-3.6243,-1.2616,0.23895,0.68926,-1.4748,-1.082,0.017465,-0.8953,-1.1439,-0.13188,7
5.5651,-1.4538,-1.7626,-4.1158,-1.0307,-0.13371,0.30604,-1.4262,-1.4952,-0.20709,-0.92177,-1.3942,0.037078,7
4.8548,-1.6241,-2.109,-4.123,-0.020034,0.27414,0.041799,-1.37,-0.85443,-0.65374,-1.2899,-0.8503,-0.12472,7
3.8302,-1.6029,-0.66647,-2.8859,-0.68917,-0.83265,-0.40415,-1.5348,-0.60558,0.22134,-0.93121,-1.2119,0.24184,7
1.9067,-3.0711,-0.48744,-2.208,-1.0595,-0.70416,0.26864,-0.44753,0.23724,0.41676,0.0070251,-0.71804,0.58318,7
2.0177,-2.7646,0.27542,-1.0919,-1.4659,-1.188,0.072119,-0.91316,-0.61104,-0.72746,0.093581,-0.85084,0.60163,7
4.3257,-1.4192,0.86658,-1.3937,-1.7315,-1.7175,-0.79673,-1.3314,0.82421,-0.39866,0.1291,-0.50492,0.5255,7
4.5308,-2.0681,0.44977,-1.1844,-2.0446,-2.2795,-1.1427,-0.68473,0.91277,-0.53299,-0.48269,-0.85472,0.38372,7
4.6953,-1.97,0.48132,-1.2163,-1.8647,-2.5456,-1.0144,-0.33529,0.64488,-0.37993,-0.15155,-1.16,0.098102,7
4.4212,-1.9584,0.43188,-1.7316,-2.0269,-2.5391,-1.3674,-0.9457,0.55362,-0.99204,-0.12721,-1.1323,0.023313,7
3.5417,-2.2647,0.77225,-0.27686,-1.5564,-1.8607,-0.90343,-1.6355,0.37309,-0.62781,-0.36051,-0.79588,0.20806,7
1.5735,-2.7197,0.8295,0.31525,-0.31236,-0.4748,-0.9176,-1.4822,0.34886,-0.56433,-1.0372,-0.40644,-0.67186,7
1.384,-2.9563,0.6178,0.38262,0.082169,-0.131,-0.79331,-1.4847,-0.35012,-0.74664,-0.50691,0.13205,-0.53736,7
0.73862,-3.1517,0.53845,0.61701,0.95932,0.24903,-1.0217,-1.2616,-0.02714,-0.60178,-1.3611,-0.12463,-1.0996,7
0.99986,-2.8575,0.73732,0.38438,0.089531,-0.12106,-0.5697,-1.2159,-0.31636,-0.42709,-0.16213,0.038606,-0.76277,7
0.65516,-2.9608,0.77278,0.64941,0.75649,0.022033,-1.2856,-1.6875,-0.055581,-0.36738,-0.64978,0.34926,-1.0621,7
0.69075,-2.8309,0.5207,-0.32009,-0.69009,-0.89379,-0.6793,-1.1424,-0.0077248,-0.35443,-0.13634,-0.33804,-0.62883,7
3.8927,-2.1462,0.19345,-1.9956,-2.0713,-2.2365,-0.71569,-0.54168,0.86678,-0.36649,-0.46019,-1.2867,0.63676,7
5.0154,-1.5468,-0.3625,-2.2828,-2.0181,-2.2491,0.14241,0.28724,1.4212,-0.65651,-0.11834,-1.3964,0.35713,7
4.6922,-2.4103,-0.86317,-2.7288,-1.9408,-2.2315,0.57254,0.00097524,0.69004,-0.93912,-0.30377,-1.5396,-0.08242,7
4.4925,-2.4751,-0.45974,-3.0122,-2.1002,-2.0835,0.80607,0.20986,0.16093,-0.83892,-0.089903,-1.5008,0.22483,7
4.8111,-2.3659,-0.5269,-3.6883,-2.3331,-2.2513,0.69924,0.25638,-0.62737,-0.98659,-0.39267,-2.0843,0.32159,7
5.1088,-2.0853,-0.45036,-2.9996,-1.9634,-2.0951,0.70475,0.91911,-0.20739,-1.338,-0.38051,-1.4337,0.66816,7
5.2984,-2.1312,-0.90638,-2.9644,-1.4161,-2.1274,0.65553,1.2078,0.010406,-1.1647,-0.76471,-1.0715,0.70134,7
5.513,-2.1139,-1.2705,-3.2645,-0.96718,-2.1643,0.34326,1.117,0.28064,-0.96728,-1.107,-1.042,0.49582,7
5.5435,-2.5713,-1.2202,-2.963,-1.4139,-2.1336,0.24007,1.1114,0.14686,-1.1044,-1.2329,-1.1675,0.50266,7
5.472,-2.3168,-1.0589,-3.1126,-1.6854,-2.5917,0.52462,1.2299,-0.38639,-1.2497,-1.2599,-1.2446,0.79909,7
5.3488,-2.2752,-1.0105,-2.9841,-1.6901,-2.5241,0.90785,1.1745,-0.19491,-1.0337,-0.95267,-1.0452,0.92576,7
5.1503,-2.287,-0.35496,-2.6918,-2.051,-1.9471,1.1256,0.90793,0.092206,-0.98314,-0.75214,-1.0377,1.1722,7
4.784,-2.9001,-1.1217,-2.9036,-2.5127,-2.5465,0.99186,0.29877,-0.37051,-1.5046,-0.92031,-1.0154,0.58555,7
4.0753,-3.0819,-0.92452,-2.9993,-2.2642,-2.3216,0.44487,0.20198,0.07862,-1.7284,-0.60138,-0.99928,0.5978,7
3.8125,-2.936,-0.098559,-2.2805,-1.9918,-1.8455,0.59514,0.28591,0.43668,-1.2226,-0.68388,-0.30766,0.27705,7
3.7033,-2.8758,-0.206,-2.2556,-1.9268,-2.3651,-0.11897,-0.10102,0.010334,-1.2609,-0.47057,-0.78641,-0.16337,7
3.3092,-2.7058,-0.3814,-1.2067,-0.97762,-1.486,-0.67928,-0.58943,-0.21165,-0.62853,0.0039442,-0.58641,-0.66711,7
3.325,-2.7155,0.088116,-1.279,-1.4172,-1.7716,-0.45672,-0.60892,-0.19045,-1.1403,-0.50549,-0.82864,-0.60166,7
1.7229,-2.7234,0.29776,-0.18445,-0.55841,-0.59457,-0.12685,-0.67877,-0.13407,-0.72942,-0.6635,-0.66062,-0.49239,7
2.8346,-1.9236,-0.42678,-1.0682,-0.68064,-1.7889,-0.40783,-0.094111,0.59773,-0.29062,-0.41422,-0.64309,-0.25614,8
3.5355,-2.0593,-0.54846,-1.4907,-0.91172,-1.6257,-0.47986,0.35701,1.0518,-0.53835,-0.86028,-0.6222,0.077081,8
3.8585,-2.0459,-0.58922,-1.7151,-0.97066,-1.697,0.0075701,0.50646,0.97987,-0.76198,-1.0791,-0.61864,0.19882,8
3.8662,-2.0674,-0.83716,-1.6884,-0.80928,-1.6122,0.20119,0.49573,0.76596,-0.76685,-0.83343,-1.0622,0.17348,8
3.7533,-2.0909,-0.91823,-1.3987,-1.1165,-1.3731,0.13027,-0.098837,1.1936,-0.75567,-0.97483,-0.70031,0.11778,8
3.5665,-1.9778,-0.79187,-1.4014,-0.99721,-1.2753,0.18512,0.0814,1.0185,-0.68229,-0.76009,-0.61048,0.21857,8
3.1773,-2.0028,-0.54977,-1.1885,-0.86377,-1.3697,-0.36655,-0.18293,0.82014,-0.16375,-0.71218,-0.52229,0.30322,8
1.7485,-2.3307,0.67642,-0.25257,-0.86332,-0.98598,-0.32125,-0.52739,0.65829,-0.24999,-0.31402,-0.4705,0.27995,8
1.0983,-2.543,1.0911,0.6462,-0.10535,-0.36084,-0.86556,-1.5859,0.32388,-0.17399,-0.22018,0.072018,-0.53237,8
1.3546,-2.6517,1.2849,1.3068,-0.15045,-0.48435,-0.94233,-1.5255,0.07258,-0.24726,0.024346,-0.048695,-0.074383,8
1.492,-2.666,1.3714,1.4752,-0.18342,-0.77233,-1.1993,-1.5967,-0.078059,-0.30859,0.14609,-0.25941,-0.39904,8
1.7114,-2.2809,1.3528,0.46595,-0.66114,-0.88706,-0.71453,-1.1148,0.030323,-0.3449,-0.1141,-0.26873,-0.22848,8
2.09,-2.3546,1.163,0.38385,-0.69907,-0.78212,-1.0063,-1.62,0.64732,-0.039303,-0.27417,-0.31238,-0.26296,8
3.6862,-1.9219,-0.52911,-1.5577,-0.71723,-1.0826,-0.94962,0.035158,0.81515,-0.38229,-0.67317,-0.40824,0.093417,8
4.3183,-2.2444,-1.304,-1.8472,-1.212,-1.0671,-0.76054,0.24046,0.602,-0.95374,-1.2689,-0.33138,0.10028,8
4.497,-2.2575,-1.4983,-1.715,-0.72718,-0.94451,-0.29663,0.5565,0.4579,-0.90112,-1.2678,-0.35316,0.1649,8
3.5721,-2.2374,-0.074956,-1.2574,-1.471,-1.0596,-0.39468,1.0125,0.29137,-0.79736,-0.60298,-0.40512,0.084003,8
1.366,-2.3436,0.71154,-0.57634,-0.90171,-0.78641,-0.54606,-0.14616,0.25976,-0.39935,-0.38594,-0.16544,-0.1167,8
1.5101,-2.4291,1.0208,0.045079,-0.9102,-1.1163,-0.40505,-0.87397,0.16406,-0.28275,0.20606,-0.5129,-0.16778,8
1.5893,-2.4402,0.94351,-0.20575,-1.0211,-0.94059,-0.012237,-0.69934,-0.18947,-0.50807,0.49374,-0.29815,-0.41809,8
2.0239,-1.9233,1.0132,-0.44399,-1.4339,-1.6035,-0.50038,-0.82518,0.48996,-0.46812,0.11837,-0.20904,0.11503,8
2.3052,-2.4423,1.235,-0.63419,-1.8033,-1.1024,-0.25311,-0.18987,-0.52177,-0.13887,-0.017194,-0.29779,-0.086516,8
2.5547,-2.9222,1.3755,-0.30878,-1.7835,-0.979,-0.77033,0.038491,-0.51162,-0.19938,-0.26808,0.090323,-0.39354,8
2.5277,-2.95,1.8205,-0.36459,-1.5759,-0.51423,-0.98493,-0.2978,-0.35125,0.17175,-0.0127,0.012859,-0.1729,8
2.4963,-3.039,1.5989,0.22487,-1.6375,-1.0168,-1.2403,-0.21372,-0.43486,0.40401,-0.11948,-0.064257,0.095663,8
2.7033,-3.0634,1.8773,-0.39763,-2.1219,-1.0385,-0.95208,0.0402,-0.33708,-0.027922,-0.31208,-0.062251,0.40834,8
2.9972,-3.1878,1.718,-0.38909,-2.1938,-0.52062,-0.96422,-0.27225,-0.94905,0.26481,0.1375,-0.02429,-0.21285,8
3.034,-3.0529,1.326,-0.42561,-2.1093,-0.99027,-0.85072,0.26171,-0.26642,0.13477,-0.38105,-0.09434,0.19615,8
3.2791,-3.0626,1.5,-0.92002,-2.291,-0.92456,-0.63749,0.61858,-0.4564,0.094729,-0.48175,-0.27152,0.023053,8
3.5356,-2.9777,1.7816,-1.3406,-2.4918,-1.0386,-0.33078,0.8507,-0.46707,0.20644,-0.29847,-0.62041,-0.27039,8
3.6808,-3.0203,1.2121,-1.0756,-2.5636,-0.93584,0.012436,0.77203,-0.0035725,-0.083805,-0.4762,-0.74471,0.23054,8
3.5605,-3.0332,0.89702,-1.2903,-2.3895,-1.2283,0.4226,1.0839,-0.64379,-0.47809,-0.35641,-0.63751,-0.1842,8
3.7283,-3.2008,-0.030359,-1.6128,-1.7677,-0.93512,-0.16863,1.225,-0.11241,-0.70706,-0.77125,-0.64103,-0.043217,8
3.9717,-2.7603,-0.025901,-1.8578,-1.7771,-0.76715,0.15391,1.1463,-0.086403,-0.68658,-0.60014,-0.56424,0.05347,8
4.0775,-2.6616,-0.3514,-2.0917,-1.5913,-0.35077,0.20483,1.0015,0.013413,-0.96231,-0.61817,-0.53637,0.13571,8
4.3071,-2.7536,-0.32817,-2.4306,-1.6176,-0.17534,-0.13548,0.99204,0.24215,-1.034,-0.82202,-0.80384,0.54293,8
3.8203,-2.62,-0.21039,-3.2872,-1.2618,-0.065083,0.38801,0.3732,-0.33506,-0.28404,-0.62423,-1.5269,0.90257,8
3.5928,-2.7499,-0.48661,-3.2866,-0.9279,-0.13669,0.17721,0.44381,-0.060443,-0.36328,-0.45391,-1.1449,0.66454,8
3.5517,-3.1849,-1.1166,-3.3331,-1.0051,-0.10974,0.13453,0.34954,-0.19573,0.0073143,-0.88124,-1.103,0.83464,8
3.4182,-3.9075,-1.2374,-3.0132,-0.89377,0.16128,-0.12001,0.6013,0.62051,-0.31441,-1.1935,-0.77685,0.69959,8
2.6437,-3.4938,-1.1131,-2.7222,-0.79792,-0.71074,-0.64759,0.68695,-0.080789,-0.18275,-0.68836,-1.1154,0.6586,8
0.46677,-3.5811,-0.14866,-1.5404,-0.5717,-0.69737,0.96698,1.4331,0.028535,-0.47339,-0.61162,-1.7134,0.82764,8
2.5349,-3.9471,-0.88977,-1.8775,-2.0636,-1.9012,-0.47601,-0.53311,-0.33722,-0.95608,-0.26167,-0.99699,-0.32317,8
3.0085,-4.3383,-1.0345,-1.5795,-2.1562,-1.9986,0.014783,0.13644,-1.1226,-1.3627,-0.14836,-0.76036,-0.17137,8
2.9261,-3.9948,-0.76199,-1.3555,-1.3562,-2.0305,-0.25139,0.56386,-0.85657,-1.235,-0.43356,-1.0627,-0.26824,8
2.2833,-3.645,-0.46332,-1.0215,-1.5788,-1.601,-0.0055985,-0.58995,-0.68921,-1.2747,-0.082876,-0.68077,-0.079043,8
1.7442,-3.515,0.030749,-0.53552,-1.1197,-1.2922,-0.88763,-1.1809,-0.20081,-0.74224,-0.27545,-0.38347,-0.41383,8
2.0449,-3.5112,0.18633,-0.48479,-1.4694,-1.4309,-1.1292,-2.0882,-0.30028,-0.56398,-0.011441,-0.54007,-0.4227,8
1.8585,-3.2964,0.41863,-0.27183,-1.465,-1.2211,-0.70348,-1.6025,0.024266,-0.65201,-0.39337,-0.91788,-0.19038,8
1.8637,-3.6399,0.16276,-0.28327,-1.1473,-1.2977,-1.1701,-1.8308,-0.14886,-0.4937,-0.2668,-0.80625,-0.67377,8
2.0175,-3.4945,0.27462,-0.33757,-1.3972,-1.3534,-1.0193,-1.8078,-0.10633,-0.43972,-0.012685,-0.56784,-0.28525,8
1.9857,-3.4149,-0.18857,-1.2792,-1.6429,-1.3747,-0.20981,-0.78426,-0.69938,-1.2638,-0.30932,-0.79769,-0.068134,8
2.5093,-4.2467,-0.83935,-1.2698,-1.9213,-1.3467,-0.14829,-0.77308,-1.0776,-1.3098,-0.11024,-0.71561,-0.015262,8
2.6923,-4.4509,-1.2612,-1.4833,-2.015,-1.0645,0.10515,-0.41829,-1.5119,-0.97751,-0.33062,-1.0087,0.076146,8
2.9623,-4.6562,-1.1024,-1.8038,-1.9837,-1.0234,-0.11642,-0.71378,-1.2647,-0.42312,-0.45316,-1.0614,0.42168,8
3.0656,-4.6451,-0.74416,-1.6448,-2.6472,-0.92469,0.51121,-0.75884,-1.2215,-0.58169,-0.15134,-1.2522,0.704,8
2.8754,-4.2196,-1.0724,-1.171,-2.2369,-1.5191,0.58167,-0.49626,-0.82131,-1.0114,-0.3923,-1.047,0.71606,8
2.9014,-4.0512,-1.3507,-1.4586,-2.1938,-1.3977,0.85768,-0.55048,-0.72497,-0.91575,-0.13773,-0.80767,0.74011,8
2.9518,-4.803,-0.77009,-1.7592,-2.3365,-1.539,-0.0031976,-0.84404,-0.87915,-0.65623,0.11035,-0.92875,0.67775,8
3.0294,-4.2375,-0.8966,-1.4252,-2.2609,-1.4436,-0.073811,-1.087,-0.33117,-0.70691,0.21655,-0.97015,0.51578,8
3.001,-4.3745,-0.41232,-1.4514,-2.4989,-1.6547,0.0026075,-0.91339,-0.45918,-0.71352,0.3146,-0.80069,0.57244,8
2.8548,-4.3323,-0.64841,-1.9574,-2.7206,-2.339,-0.34552,-1.2445,-0.48293,-0.67092,0.38502,-0.4582,0.83951,8
2.8837,-3.8498,0.094808,-0.86741,-1.7601,-1.5209,-1.1795,-2.4844,-0.31732,-0.71102,0.77153,1.0245,0.92413,8
2.9934,-4.3953,-0.0044599,-0.95335,-2.1811,-1.5683,-0.93352,-2.9087,-0.83493,-0.83999,1.2901,1.032,1.04,8
3.0601,-3.6033,0.48318,-0.71283,-1.5516,-1.2975,-0.90267,-2.7187,-0.48261,-0.97517,0.57749,0.71974,0.79976,8
3.1133,-3.5171,0.40515,-0.98293,-1.7006,-1.2246,-0.65578,-2.6318,-0.44351,-1.0263,0.47727,0.65535,0.74564,8
3.0997,-3.68,0.15663,-1.301,-1.9261,-1.4276,-0.88757,-2.9347,-0.56404,-1.2669,0.22477,0.67982,0.62496,8
3.0396,-3.6716,0.35307,-0.75557,-1.0064,-1.0356,-1.2554,-2.9256,-0.5566,-1.3219,0.2588,1.2649,0.48337,8
2.9784,-3.9707,0.060347,-1.3209,-2.1115,-1.4581,-0.93751,-2.9219,-0.43905,-0.99908,0.68494,0.98478,0.60717,8
2.8072,-3.7193,0.2405,-0.82806,-1.6242,-1.0881,-0.78313,-2.5314,-0.024956,-0.83388,0.17251,0.69083,0.57453,8
2.6863,-3.7172,0.38413,-0.70967,-1.8767,-1.1167,-0.77149,-2.6894,-0.050934,-0.74744,0.21988,0.39892,0.32301,8
2.4414,-3.9033,0.015424,-0.89984,-1.7854,-1.2988,-1.082,-2.4504,0.11635,-0.60882,-0.20274,0.075426,0.25634,8
2.2816,-4.0305,0.034252,-0.71018,-1.7082,-1.3424,-0.81939,-1.7918,0.21337,-0.47985,-0.071813,-0.095784,0.2446,8
2.3663,-4.3017,-0.40015,-1.0767,-1.8171,-1.5069,-0.4452,-0.99076,0.089012,-0.63288,-0.37376,-0.31931,0.74874,8
2.8009,-4.945,-0.68617,-1.8507,-2.9471,-2.0176,-0.55515,-1.6669,-0.44973,-0.86808,-0.42827,-1.2733,-0.069174,8
3.58,-4.7506,-0.60327,-1.8038,-3.4851,-1.7498,0.21435,-1.1582,-0.50825,-0.98227,-0.073576,-1.6611,0.27347,8
3.5808,-4.7734,-0.46465,-1.5115,-2.898,-1.3782,0.29477,-0.72602,0.069107,-0.45375,-0.15575,-0.66941,0.10183,8
3.3335,-5.1376,-1.7964,-1.6638,-2.3968,-1.1617,0.17512,-0.96627,-0.36849,-0.90443,-0.068145,-0.75863,0.37988,8
3.4267,-5.0497,-1.6773,-1.4842,-2.1611,-1.1344,0.33346,-0.64115,-0.81723,-1.1359,0.19083,-0.6485,0.3386,8
3.5738,-4.9914,-1.5813,-1.8253,-1.9654,-1.2337,0.24311,-0.39235,-1.3467,-1.0821,0.36632,-0.10289,-0.0030276,8
3.6497,-4.9134,-2.0689,-1.8287,-1.6948,-1.2701,-0.09262,-0.44835,-1.2988,-0.92469,0.42841,0.17978,-0.071819,8
3.756,-5.0551,-2.4976,-2.0973,-1.7757,-1.2784,-0.33146,-0.41374,-1.6098,-0.95941,0.30753,0.074211,-0.029755,8
3.5303,-4.9872,-2.6593,-2.4166,-1.6671,-1.2738,-0.094286,-0.69614,-1.1312,-0.63953,0.62777,0.40258,0.3046,8
3.2557,-4.9768,-2.1226,-2.2009,-1.7687,-1.1343,0.086625,-0.35194,-1.093,-0.49701,0.76719,0.29248,0.55585,8
3.0373,-4.883,-1.7063,-1.9711,-1.4416,-1.1787,-0.19378,-0.77555,-0.82129,-0.74581,0.36478,-0.26875,0.43815,8
3.0023,-4.3977,-1.2221,-1.8583,-1.6706,-1.3278,0.22209,-0.37335,-0.45789,-1.0141,0.25159,-0.48087,0.63935,8
2.9618,-3.9054,-0.82376,-2.1814,-1.8777,-1.7254,0.0908,-0.50283,-0.35593,-0.63833,0.55714,-0.86502,0.53025,8
2.5086,-3.3679,0.17244,-1.8645,-2.1333,-1.8206,0.38467,-0.60913,-0.40754,-0.77341,0.65493,-0.85869,0.59532,8
-1.8852,-2.9123,0.88496,-1.2101,-0.92805,-1.0497,-0.099944,-0.87289,0.027824,0.65274,-0.022221,-0.51062,0.17824,9
-1.2476,-3.0027,1.1308,-0.0035655,-0.50985,-0.53754,-0.81123,-1.9781,-0.62924,-0.83528,0.03828,0.59998,0.31216,9
2.3673,-5.0211,2.6474,-0.10321,-1.8503,-1.1497,-1.8642,-1.7295,-0.66561,-0.0019725,-0.60455,-0.1112,-0.1732,9
3.3388,-6.1874,2.6892,-0.17298,-2.0118,-1.2864,-1.3091,-1.0376,-0.78296,-0.25446,-0.92662,-0.44015,-0.27546,9
3.9468,-6.8122,1.6148,-0.31841,-2.0308,-1.9992,-1.4599,-1.4085,-0.96293,-0.021223,-1.1298,-0.54004,-0.62968,9
3.6588,-6.3471,1.2547,-0.50694,-1.8473,-1.6555,-1.4409,-1.3519,-0.72656,-0.14419,-1.0609,-0.84771,-0.44508,9
3.216,-5.737,1.3395,-0.71075,-2.3357,-1.4701,-0.96561,-1.4816,-0.82647,-0.33337,-0.57041,-0.89243,0.090182,9
2.1482,-4.7851,1.2496,-0.71179,-2.0797,-1.7758,-0.99423,-1.8525,-0.69658,-0.46285,-0.54987,-1.1382,-0.34383,9
0.62746,-3.3942,1.336,-0.32268,-0.77029,-1.4575,-0.71251,-1.5352,-0.41223,-0.3867,-0.44678,-0.48089,-0.29771,9
-3.0126,-3.5811,0.89721,-0.20996,-0.033362,-0.49144,-0.45011,-0.34293,-0.19129,0.36612,0.69608,0.5265,0.49322,9
-3.9814,-3.7275,1.3975,-0.63365,0.32266,-0.29887,0.76583,0.37973,-0.24512,0.11378,0.45475,0.10076,0.42174,9
-4.5138,-3.005,0.33318,-1.0297,-1.137,-0.62832,1.3762,0.81071,-0.792,0.12416,1.7681,-0.26983,0.86143,9
-4.9485,-2.6165,0.49625,0.0771,0.37593,0.24786,0.43957,0.32013,0.22948,0.11726,0.12154,-0.048346,0.10737,9
-5.8634,-2.897,0.26009,-0.073696,0.27107,0.1486,0.26033,0.19169,0.25717,0.27898,0.34217,0.35882,0.43075,9
-6.0069,-2.519,0.64927,0.3006,0.61671,0.48275,0.58245,0.51248,0.54752,0.51823,0.55152,0.59625,0.66347,9
-3.7721,-4.8419,1.7747,0.0015298,0.53394,0.42743,0.53789,0.36061,0.45448,0.42808,0.38385,0.29207,0.47117,9
-4.1939,-3.7923,1.153,0.10971,0.89139,0.66968,0.69775,0.68645,0.9526,0.043972,-0.55164,-0.29605,0.46825,9
-0.78303,-5.6556,1.5658,-0.42986,1.1687,0.32575,0.93974,0.23046,0.36917,-0.34041,-0.59729,-0.28654,0.14383,9
0.75671,-8.5032,1.657,-0.4561,1.1173,0.61277,1.4724,-0.27889,-0.010794,-0.11804,0.70208,1.0125,0.2296,9
-2.0529,-1.8824,1.8872,-0.084046,-0.32112,-0.89831,-0.88413,-1.0547,0.93088,0.22741,-0.16488,-0.36319,-0.029075,9
2.3121,-1.9294,-0.71507,-2.8886,-1.2266,-1.4302,-0.48423,-0.57814,-0.76758,-0.96618,-0.50515,-0.59222,-0.063071,9
3.0869,-3.1916,-2.3022,-2.8823,-0.87004,-1.0637,-0.20566,-0.61508,-0.92074,-1.1167,-0.97386,-0.41702,-0.89487,9
2.9716,-2.5909,-2.8221,-2.5236,-0.67568,-0.40546,0.24838,-0.7422,-0.50447,-1.2224,-0.39592,-0.046375,-0.93989,9
2.764,-3.279,-2.7172,-2.3702,0.051172,-0.30737,-0.63351,-0.5065,-1.0747,-0.97574,-0.35403,-0.40708,-0.77488,9
2.2991,-3.5824,-2.2846,-1.9693,-0.25413,0.34942,-1.01,-0.73662,-0.70433,-0.60876,-0.17459,-0.288,-0.65257,9
2.1742,-2.8833,-2.5824,-1.9993,-0.042266,0.21553,-0.90123,-0.89225,-0.32377,-0.59296,-0.36128,-0.12102,-0.53837,9
2.5646,-2.9657,-2.4654,-2.3348,-0.050656,0.49481,-1.042,-0.9544,-0.08295,-0.38303,-0.63008,-0.12032,-0.33965,9
3.0003,-3.1024,-2.538,-2.3528,0.089608,0.36386,-1.2686,-0.77629,-0.2204,-0.28498,-0.5309,-0.38304,-0.21694,9
3.1847,-3.13,-2.6165,-2.6128,-0.095754,0.51127,-1.6011,-0.96832,0.21108,-0.48777,-0.46937,-0.20775,-0.67451,9
3.3729,-3.1763,-2.6957,-2.476,-0.10354,0.48326,-1.659,-0.95263,0.21919,-0.24013,-0.49989,-0.42944,-0.4736,9
3.5014,-3.0918,-2.5251,-2.7135,-0.036115,0.38625,-1.8153,-0.77831,0.22628,-0.34338,-0.34065,-0.49697,-0.45741,9
3.6587,-3.1178,-2.3825,-2.871,-0.049772,0.35349,-1.8966,-0.65843,0.083355,-0.25618,-0.40443,-0.50944,-0.37804,9
3.8437,-3.1278,-2.5061,-2.9966,-0.020598,0.50767,-2.0276,-0.36504,0.082995,-0.22265,-0.34628,-0.55495,-0.39176,9
3.9479,-3.2639,-2.5154,-2.9069,-0.098937,0.45668,-1.9875,-0.31094,-0.072641,-0.075796,-0.43525,-0.41695,-0.42068,9
3.9069,-3.5814,-2.5083,-3.4164,-0.049488,0.3117,-2.1006,-0.11465,-0.32274,-0.21757,-0.47528,-0.73012,-0.49495,9
3.6879,-3.4317,-2.3988,-3.0782,-0.011998,0.25763,-1.8573,-0.10356,-0.48383,-0.055958,-0.44161,-0.68194,-0.095404,9
3.4304,-3.098,-1.8049,-3.4105,0.46607,0.46359,-1.8952,-0.068878,-0.35983,-0.14492,-0.40892,-0.43058,-0.21088,9
2.9469,-3.0657,-2.1115,-3.3141,-0.047138,0.53877,-1.7856,-0.43845,0.013246,-0.56315,-0.63443,-0.37026,-0.39965,9
2.4182,-3.3105,-1.6555,-3.3803,0.31261,0.19269,-1.554,-0.37884,-0.22472,-0.24495,-0.81661,-0.64258,-0.64439,9
1.3536,-2.4066,-1.1296,-2.3768,-0.077076,-0.68881,-0.99329,-1.0983,-0.21707,-0.1496,-0.76487,-0.65814,-0.50307,9
0.95322,-2.8673,-0.76735,-1.5969,-0.35097,-0.85528,-1.0837,-1.3265,-0.08978,-0.25894,-0.79999,-0.39571,-0.48939,9
0.67899,-3.2467,-0.83176,-1.7321,-0.40372,-1.1055,-1.373,-1.8435,-0.43848,-0.51653,-0.58903,-0.46381,-0.35897,9
-1.919,-2.768,1.0915,0.56242,0.39044,-0.045807,-0.53662,-0.71876,0.56712,-0.34544,-1.1193,-0.49829,-0.38969,9
0.41482,-1.887,2.1588,0.88019,-0.17662,-0.78289,-1.1869,-2.4955,0.036294,-0.49084,0.48812,0.49488,-0.28382,9
0.73924,-2.2868,1.808,1.0785,-0.27443,-0.83578,-1.2675,-2.1259,0.13521,-0.41405,0.26192,0.18328,-0.089577,9
0.68861,-2.0567,1.9044,1.0246,-0.49681,-0.77955,-1.2212,-1.8517,0.24807,-0.57699,0.16348,0.20488,-0.17811,9
0.32473,-2.1882,1.5994,1.1429,-0.54079,-0.74029,-1.0278,-2.2169,0.11338,-0.2288,0.5582,0.17704,-0.60674,9
-0.31692,-2.6517,1.3273,0.88612,-0.053843,-0.28133,-1.0183,-1.8036,-0.036122,-0.5057,0.094849,0.44539,-0.37283,9
1.3124,-6.0111,3.1333,-0.37148,1.1523,-0.62258,-0.060918,-0.96338,-0.84629,0.33316,1.0993,0.12988,0.15907,9
3.2405,-7.5246,2.3849,-2.3653,1.0378,-0.6436,0.56484,-0.62205,-0.34611,-0.19206,0.52947,0.37325,0.81602,9
3.4954,-8.0387,1.5975,-2.9196,0.90273,-0.55461,1.5152,-0.35807,0.15921,0.80261,0.80812,0.75085,0.55172,9
3.0551,-8.2289,1.5575,-2.2197,1.1795,0.11615,1.1755,0.4884,0.59816,0.025979,0.66233,-0.12599,-0.0086329,9
2.5172,-8.0633,1.7335,-1.7494,1.0801,-0.59818,1.009,0.57531,-0.25989,-0.044613,0.48337,0.051599,0.35396,9
2.8674,-9.9046,1.0956,-2.3059,0.87698,-0.66084,0.42752,1.0434,0.5812,-0.013797,0.76911,1.023,0.43148,9
3.1977,-8.9523,1.1625,-2.3383,1.1241,-0.54945,1.1646,0.69495,1.4653,0.36618,0.5035,0.29542,0.30152,9
1.3548,-9.7746,1.3744,-0.28318,0.64991,-0.31418,0.85279,1.2851,0.75435,0.68128,0.66915,-0.16159,0.76954,9
0.86454,-7.6982,1.7843,-0.11814,1.5902,0.22478,0.17494,0.23547,-0.0094612,-0.12487,-0.10472,0.21829,0.30806,9
-0.080418,-1.4457,-0.048916,-1.3139,-0.5485,-0.38476,-0.12898,-0.72034,0.61837,-0.2483,-0.63189,-0.35037,-0.28379,9
1.2751,-1.4655,-0.49275,-2.6049,-0.88545,-0.362,-0.044125,-0.46917,0.28765,0.072626,0.26048,-0.54488,-0.30941,9
1.93,-1.7044,-0.8969,-3.2244,-0.44661,-0.52574,0.14055,-0.65175,0.15244,0.36485,-0.24067,-0.67891,-0.32559,9
2.0488,-1.5754,-1.5651,-3.2733,-0.91496,-0.52275,0.64884,-0.79616,0.36929,0.032907,-0.20071,-1.1268,-0.49135,9
1.9951,-1.6727,-1.9152,-3.2458,-0.65423,-0.8245,0.87818,-0.45424,0.2064,0.15413,-0.15567,-1.1304,-0.20171,9
1.8802,-1.6442,-1.5764,-3.1035,-0.8255,-0.40683,0.93759,-0.58177,0.36652,-0.078188,-0.011804,-0.96899,-0.10989,9
1.8456,-1.6464,-1.2954,-3.4009,-0.43957,-0.67762,0.82934,-0.56849,0.46679,-0.02472,-0.38319,-0.48244,-0.045888,9
1.6867,-1.4496,-1.4195,-3.1855,0.12109,-0.49826,0.76685,-0.16578,0.062229,0.082676,-0.38837,-0.61848,0.058536,9
1.5439,-1.8781,-1.0402,-2.4892,0.11816,0.23783,0.63772,-0.8715,0.30133,-0.34539,-0.80663,-0.58979,-0.1354,9
1.7007,-1.8937,-0.93222,-2.8659,0.82064,-0.13207,0.20033,-0.62809,0.18203,-0.3504,-0.76956,-0.24906,-0.62478,9
1.708,-2.4968,-0.86452,-2.3677,0.54506,0.22148,0.70187,-0.53028,-0.44368,-0.61791,-1.0793,-0.88201,-0.15695,9
1.4354,-2.3246,-0.66622,-2.5635,0.057929,0.12033,0.43368,-1.0728,0.0069047,-0.51474,-1.0216,-0.93594,-0.30617,9
1.3352,-2.1393,-0.90592,-2.3108,0.17803,0.21427,0.2796,-0.74354,0.21228,-0.88318,-0.71623,-0.79404,-0.18969,9
1.2395,-1.7633,-0.69178,-2.5649,0.13437,0.42051,0.38835,-1.0959,0.33942,-0.65574,-1.1593,-0.69896,-0.44474,9
1.2049,-2.1351,-0.56755,-2.1261,0.00079096,0.29622,0.43573,-0.75749,0.14349,-0.71649,-0.92334,-0.78678,-0.11728,9
0.96389,-1.8782,-0.58739,-1.9254,-0.094474,0.25719,0.48868,-0.64456,0.1737,-0.61103,-0.7311,-0.72684,-0.15997,9
0.89025,-2.0753,-0.14787,-2.3616,0.010691,-0.020211,0.43034,-0.84843,0.17134,-0.46368,-0.66781,-0.60152,-0.35126,9
0.83288,-2.3641,-0.30807,-2.0425,0.2261,-0.074204,0.24706,-0.64517,0.13262,-0.37542,-1.0704,-0.70593,-0.30789,9
0.36023,-2.4088,0.012224,-1.5004,0.066938,0.05793,0.26234,-0.99753,0.021375,-0.44194,-1.0912,-0.69844,-0.20053,9
-0.12199,-2.453,0.071615,-1.1236,0.43581,0.15988,0.20402,-0.43999,-0.082802,-0.72519,-1.0987,-0.50434,-0.46022,9
